{
  "width": 500,
  "height": 500,
  "depth": 50,
  "data": {
    "url": "ObviousData.csv"
  },
  "mark": "cylinder",
  "encoding": {
    "x": {
      "field": "x",
      "type": "quantitative",
      "axis": {
        "Title": "x",
        "ticks": false
      }
    },
    "y": {
      "field": "y",
      "type": "quantitative",
      "axis": {
        "Title": "y",
        "ticks": false
      }
    },
    "zrotation": {
      "field": "TempQuad4",
      "type": "quantitative",
      "scale": {
        "range": [ -90, 0 ]
      }
    }
  }
}
