{
  "width": 500,
  "height": 500,
  "depth": 50,
  "data": {
    "url": "TrendData/Trend3dLgMedium4.csv"
  },
  "mark": "arrow",
  "encoding": {
    "x": {
      "field": "x",
      "type": "quantitative",
      "axis": {
        "Title": "x",
        "ticks": false
      }
    },
    "y": {
      "field": "y",
      "type": "quantitative",
      "axis": {
        "Title": "y",
        "ticks": false
      }
    },
    "zrotation": {
      "field": "d",
      "type": "quantitative",
      "scale": {
        "range": [ 90, -90 ]
      }
    }
  }
}
