Date,Time,NEWCASTLE WDR,NEWCASTLE TEMP,NEWCASTLE WSP,NEWCASTLE SO2,NEWCASTLE NO,NEWCASTLE NO2,NEWCASTLE OZONE,NEWCASTLE HUMID,NEWCASTLE SD1,,,,,,,,,,,
1/1/2018,1:00,70.6,22.1,0.9,0,0,0.1,1.7,81.8,31.24,,,,,,,,,,,
1/1/2018,2:00,113.7,21.7,0.7,,,0,,84.7,52.71,,,,,,,,,,,
1/1/2018,3:00,90.7,21.7,0.7,0,0,0,1.9,87,60.57,,,,,,,,,,,
1/1/2018,4:00,226.7,21.1,0.3,0,0,0.3,1.1,89.1,76.62,,,,,,,,,,,
1/1/2018,5:00,254.9,20.2,0.2,0,0.1,0.3,0.6,91.5,60.7,,,,,,,,,,,
1/1/2018,6:00,299.3,20.7,0.2,0,0.1,0.4,0.6,90.9,83.96,,,,,,,,,,,
1/1/2018,7:00,293.9,23.1,0.9,0.1,0.2,0.2,1.2,79.3,42.22,,,,,,,,,,,
1/1/2018,8:00,218.2,25.1,0.5,0.9,0.4,0.4,1.5,68.8,70.97,,,,,,,,,,,
1/1/2018,9:00,142.2,24.9,2.7,0.4,0.1,0.1,2.3,69.6,15.16,,,,,,,,,,,
1/1/2018,10:00,138.9,25,4.2,0.5,0.2,0.2,2.4,68.9,11.99,,,,,,,,,,,
1/1/2018,11:00,140.2,25.2,4.6,0.2,0.1,0,2.9,68.3,12.6,,,,,,,,,,,
1/1/2018,12:00,140.9,25.2,4.7,0.1,0,-0.1,3,67,14.48,,,,,,,,,,,
1/1/2018,13:00,143.3,25.6,4.1,0,0,-0.1,3,65.8,16.72,,,,,,,,,,,
1/1/2018,14:00,150.8,25.1,4.6,0,0,-0.1,3.1,71.8,16.23,,,,,,,,,,,
1/1/2018,15:00,151.3,24.6,4.2,0.1,0,-0.1,3,76.7,15.23,,,,,,,,,,,
1/1/2018,16:00,155.5,24.5,3.7,0.1,0,-0.1,3.1,78,17.52,,,,,,,,,,,
1/1/2018,17:00,145.5,23.6,3.6,0,0,-0.1,3.3,82.2,17.08,,,,,,,,,,,
1/1/2018,18:00,166.5,23.5,2.7,0,0,-0.1,3.6,83.1,23.44,,,,,,,,,,,
1/1/2018,19:00,181.4,23.1,2.4,0,0,0,3.6,85.7,22.15,,,,,,,,,,,
1/1/2018,20:00,176.3,22.6,2.1,0,0,0,3.8,87.7,23.88,,,,,,,,,,,
1/1/2018,21:00,146.9,22.2,3.6,0,0,-0.1,4.1,85.3,13.54,,,,,,,,,,,
1/1/2018,22:00,155.8,22.1,2.3,0,0,-0.1,4.2,87.3,17.03,,,,,,,,,,,
1/1/2018,23:00,166.3,21.9,1.5,0,0,-0.1,4,89.2,24.2,,,,,,,,,,,
1/2/2018,0:00,178.1,22,1.4,0,0,-0.1,4,88.8,22.4,,,,,,,,,,,
1/2/2018,1:00,188.7,22.1,1.8,0,0,-0.1,4.1,88.7,22.97,,,,,,,,,,,
1/2/2018,2:00,190.4,21.9,1.5,,,0,,88.7,26.25,,,,,,,,,,,
1/2/2018,3:00,196.1,21.6,1.5,0,0,0,3.9,88.5,23.5,,,,,,,,,,, 
1/2/2018,4:00,190.3,21.8,1.9,0,0,-0.1,3.4,88.7,25.38,,,,,,,,,,,
1/2/2018,5:00,192.8,21.8,2,0,0,-0.1,3.3,87.7,25.06,,,,,,,,,,,
1/2/2018,6:00,195.1,21.9,1.9,0,0,0,3,88,24.67,,,,,,,,,,,
1/2/2018,7:00,177.6,22.6,2.3,0,0,0.1,2.8,85.7,22.23,,,,,,,,,,,
1/2/2018,8:00,178,23.4,2.3,0,0,0,3.1,81.7,24.06,,,,,,,,,,,
1/2/2018,9:00,167.5,23.9,2.8,0,0,0,3.3,79.2,22.52,,,,,,,,,,,
1/2/2018,10:00,149.2,24.3,3.7,0.1,0,-0.1,3.8,76.4,20.6,,,,,,,,,,,
1/2/2018,11:00,141.8,24.4,4.3,0,0,-0.1,4.2,77.5,14.78,,,,,,,,,,,
1/2/2018,12:00,144,24.6,4.1,0,0,-0.1,4.1,78.4,16.17,,,,,,,,,,,
1/2/2018,13:00,133.6,24.9,4.5,0,0,-0.1,3.9,76.9,15.49,,,,,,,,,,,
1/2/2018,14:00,136.1,24.3,4,0.1,0,0,3.7,79.1,14.53,,,,,,,,,,,
1/2/2018,15:00,123.8,23.9,3.8,0,0,0,3.5,80.6,13.72,,,,,,,,,,,
1/2/2018,16:00,110.3,25,4.2,0.1,0.1,0,3.2,75.8,17.5,,,,,,,,,,,
1/2/2018,17:00,97,24.4,3.5,0,0.1,0,3,79.4,25.25,,,,,,,,,,,
1/2/2018,18:00,86.8,24.1,3.6,0,0,0,2.9,81.6,21.08,,,,,,,,,,,
1/2/2018,19:00,86.7,23.7,2.4,0,0,0.1,2.7,82.4,41.62,,,,,,,,,,,
1/2/2018,20:00,154.5,23.2,2.9,0,0,0,2.9,85.5,25.8,,,,,,,,,,,
1/2/2018,21:00,70.2,23.1,3,0.1,0,0.1,2.9,84.2,33.31,,,,,,,,,,,
1/2/2018,22:00,15.1,23.1,1.8,0.1,0,0.3,2.8,83.4,32.98,,,,,,,,,,,
1/2/2018,23:00,339.1,23.1,1.9,0.2,0,0.9,1.8,79.8,13.05,,,,,,,,,,,
1/3/2018,0:00,265.8,22.2,0.4,0.1,0,0.6,1.8,83.3,65.07,,,,,,,,,,,
1/3/2018,1:00,182.8,21.7,1,0.1,0,0.4,1.7,85.7,23.5,,,,,,,,,,,
1/3/2018,2:00,188.5,22,2.5,,,0.2,,87.3,20.95,,,,,,,,,,,
1/3/2018,3:00,191.9,22.2,3.2,0.1,0,0.1,2.5,88.4,24.03,,,,,,,,,,,
1/3/2018,4:00,170.4,21.3,3.4,0,0,0,3.4,86.2,23.47,,,,,,,,,,,
1/3/2018,5:00,199.6,21.2,1.8,0,0,0,3.6,83.1,27.69,,,,,,,,,,,
1/3/2018,6:00,205.7,21.2,2.1,0,0.1,0.2,3.4,79.4,28.89,,,,,,,,,,,
1/3/2018,7:00,190.9,22.3,3.5,0,0,0.1,3.9,70.4,23.53,,,,,,,,,,,
1/3/2018,8:00,192.7,22.7,4.1,0,0,0.1,3.7,70.3,23.44,,,,,,,,,,,
1/3/2018,9:00,190.5,23.1,3.6,0,0,0.1,3.6,68.7,24.93,,,,,,,,,,,
1/3/2018,10:00,176.9,23.6,3.5,0,0,0,3.9,69.4,23.52,,,,,,,,,,,
1/3/2018,11:00,,23.8,3.8,0,0,0,2.8,69.4,,,,,,,,,,,,
1/3/2018,12:00,,24.1,4.1,0,,0,,67.2,,,,,,,,,,,,
1/3/2018,13:00,166.1,24.3,4.3,0,0,0,2.1,64.7,20.83,,,,,,,,,,,
1/3/2018,14:00,159.7,24.4,4.4,0,0,0,2.4,63.1,19.98,,,,,,,,,,,
1/3/2018,15:00,164,23.6,4.2,0,0,0,2.4,67.1,20.67,,,,,,,,,,,
1/3/2018,16:00,155.1,23.1,4.8,0,0,0,2.3,67.5,17.92,,,,,,,,,,,
1/3/2018,17:00,154.6,22.9,4.9,0,0,0,2.4,65.7,16.25,,,,,,,,,,,
1/3/2018,18:00,151.8,22.2,5.3,0,0,0,2.2,68.2,14.25,,,,,,,,,,,
1/3/2018,19:00,150.9,21.9,4.7,0,0,-0.1,2.1,67.6,13.75,,,,,,,,,,,
1/3/2018,20:00,146.7,21.5,4,0,0,-0.1,1.8,65.1,13.51,,,,,,,,,,,
1/3/2018,21:00,146,21.4,4.1,0,0,-0.1,1.7,66,12.59,,,,,,,,,,,
1/3/2018,22:00,148.5,21.6,3.6,0,0,-0.1,1.8,65.4,14.57,,,,,,,,,,,
1/3/2018,23:00,152.1,21.5,3.1,0,0,-0.1,1.9,66.3,17.28,,,,,,,,,,,
1/4/2018,0:00,155.4,21.3,3.2,0,0,-0.1,1.8,68.5,17.32,,,,,,,,,,,
1/4/2018,1:00,153.7,20.8,3.3,0.1,0,-0.1,1.8,70.7,15.5,,,,,,,,,,,
1/4/2018,2:00,159.7,21.2,2.6,,,0,,66.1,18.99,,,,,,,,,,,
1/4/2018,3:00,166.6,21.1,2.3,0,0,0,1.6,64.1,21.47,,,,,,,,,,,
1/4/2018,4:00,170.6,21,2.3,0,0,-0.1,1.8,65.8,22.01,,,,,,,,,,,
1/4/2018,5:00,180.6,20.6,2.5,0,0,-0.1,1.9,66.7,21.38,,,,,,,,,,,
1/4/2018,6:00,181.7,20.7,2.4,0,0,0,1.8,61,21.47,,,,,,,,,,,
1/4/2018,7:00,178,21.3,2.6,0,0,0,1.8,57.8,22.61,,,,,,,,,,,
1/4/2018,8:00,164,22.5,2.9,0,0,0,1.9,54.8,23.63,,,,,,,,,,,
1/4/2018,9:00,157.3,22.1,3.5,0,0,0,2,57.5,17.83,,,,,,,,,,,
1/4/2018,10:00,165.4,22.4,3.1,0,0,0,2.1,57.6,22.39,,,,,,,,,,,
1/4/2018,11:00,163.1,22.7,3,0,0,0,2.1,56.6,23.87,,,,,,,,,,,
1/4/2018,12:00,167.2,23,3.1,0.1,0,0,2.1,56.3,23.7,,,,,,,,,,,
1/4/2018,13:00,165.9,23.1,3.4,0.1,0,0,2.2,56.6,23.6,,,,,,,,,,,
1/4/2018,14:00,159.4,23,3.8,0.1,0,0,2.4,60.3,23,,,,,,,,,,,
1/4/2018,15:00,151,22.7,4.3,0.1,0,0,2.5,59.5,16.82,,,,,,,,,,,
1/4/2018,16:00,141,22.7,4.6,0.1,0,0,2.1,55.3,15.09,,,,,,,,,,,
1/4/2018,17:00,142.9,22.5,4.4,0.1,0,0,2,57.1,14.17,,,,,,,,,,,
1/4/2018,18:00,134.8,22.2,3.9,0,0,0,2,59.2,15.64,,,,,,,,,,,
1/4/2018,19:00,134.6,21.6,3,0.1,0,0,2.1,61.5,19.51,,,,,,,,,,,
1/4/2018,20:00,118.8,21.2,2.1,0.1,0,0,2.2,63.3,12.44,,,,,,,,,,,
1/4/2018,21:00,114.5,21,2.1,0.1,0,0.1,1.9,64,11.97,,,,,,,,,,,
1/4/2018,22:00,120.3,20.8,1.6,0.1,0,0.1,1.7,66.1,12.2,,,,,,,,,,,
1/4/2018,23:00,121,20.5,1.4,0.1,0,0.1,1.6,68.2,11.28,,,,,,,,,,,
1/5/2018,0:00,119.5,20.2,1.3,0,0,0,1.8,69.8,11.93,,,,,,,,,,,
1/5/2018,1:00,126.1,19.3,0.5,0.1,0,0.2,1.5,72.3,67.73,,,,,,,,,,,
1/5/2018,2:00,277.9,17.7,0.4,,,0.5,,80.3,38.29,,,,,,,,,,,
1/5/2018,3:00,298.9,16.9,0.4,0,0.3,0.9,0.2,83.4,37.76,,,,,,,,,,,
1/5/2018,4:00,302.7,16.6,0.4,0.1,0.9,1.1,0.1,85,51.75,,,,,,,,,,,
1/5/2018,5:00,268.1,16.3,0.1,0.1,0.9,1.1,0.1,86.9,95.24,,,,,,,,,,,
1/5/2018,6:00,306.8,17.2,0.3,0.1,1,1,0.2,85.3,49.7,,,,,,,,,,,
1/5/2018,7:00,158.5,21.1,0.4,0.1,0.6,0.6,1,71.1,94.35,,,,,,,,,,,
1/5/2018,8:00,131.7,21.8,2.2,0.1,0.1,0.1,1.8,69,20.56,,,,,,,,,,,
1/5/2018,9:00,137,22.3,2.7,0.1,0.1,0.1,2.1,67.7,26.3,,,,,,,,,,,
1/5/2018,10:00,104.1,23,2.4,0.1,0.1,0.1,2.5,63.7,29.55,,,,,,,,,,,
1/5/2018,11:00,91,23.9,2.8,0.1,0.1,0.1,2.7,60.4,25.46,,,,,,,,,,,
1/5/2018,12:00,108.6,23.8,4.2,0.1,0,0,2.8,59.3,17.13,,,,,,,,,,,
1/5/2018,13:00,109.1,23.7,5,0.1,0.1,0,2.6,60.3,13.58,,,,,,,,,,,
1/5/2018,14:00,102.2,23.8,4.6,0.1,0.1,0,2.6,60.8,20.23,,,,,,,,,,,
1/5/2018,15:00,80.9,23.8,4.4,0.1,0.1,0.1,2.1,60.2,23.1,,,,,,,,,,,
1/5/2018,16:00,64,24,4.3,0.1,0.2,0.1,2,59.1,22.08,,,,,,,,,,,
1/5/2018,17:00,69.9,23.9,4.4,0.1,0.1,0.1,2,62.7,21.33,,,,,,,,,,,
1/5/2018,18:00,71.3,23.6,4.3,0,0.1,0.1,1.8,66.9,21.24,,,,,,,,,,,
1/5/2018,19:00,69.8,23.2,3.4,0.1,0,0.2,1.9,70.1,19.88,,,,,,,,,,,
1/5/2018,20:00,64.6,22.9,3.4,0.1,0,0.2,1.7,71.1,19.09,,,,,,,,,,,
1/5/2018,21:00,61.6,22.9,3.2,0.1,0,0.1,1.7,71.2,19.5,,,,,,,,,,,
1/5/2018,22:00,55,22.6,3.6,0,0,0.1,1.6,70.1,16.74,,,,,,,,,,,
1/5/2018,23:00,48.5,22.2,2.6,0,0,0.1,1.6,70.9,18.84,,,,,,,,,,,
1/6/2018,0:00,55.6,22,2.3,0.1,0.1,0.3,1.4,73.1,20.16,,,,,,,,,,,
1/6/2018,1:00,60.6,21.8,1.6,0.1,0,0,1.7,75,29.66,,,,,,,,,,,
1/6/2018,2:00,58.7,21.7,1.6,,,0,,75.9,24.91,,,,,,,,,,,
1/6/2018,3:00,51.4,21.6,1.7,0,0,0,1.9,77.5,21.46,,,,,,,,,,,
1/6/2018,4:00,50.7,21.3,1.5,0,0,0,1.8,79.4,26.63,,,,,,,,,,,
1/6/2018,5:00,23,20.8,1.5,0.1,0,0.1,1.6,80.1,21.08,,,,,,,,,,,
1/6/2018,6:00,340.9,20.7,0.8,0.3,0.5,0.9,0.8,80.6,50.94,,,,,,,,,,,
1/6/2018,7:00,24.9,21.8,1,0.5,1,0.9,0.7,75.1,50.68,,,,,,,,,,,
1/6/2018,8:00,54.7,22.9,1.6,0.7,0.9,0.7,1.1,71.4,25.83,,,,,,,,,,,
1/6/2018,9:00,38.8,24.3,2.1,1.3,0.5,0.5,1.7,67.2,30.22,,,,,,,,,,,
1/6/2018,10:00,57.9,25.6,2.3,0.6,0.4,0.5,2.4,62.7,24.04,,,,,,,,,,,
1/6/2018,11:00,91.1,26.5,2.9,0.1,0.1,0.2,2.9,61,29.96,,,,,,,,,,,
1/6/2018,12:00,65.7,27.1,3.4,0.1,0.2,0.2,2.2,61.5,21.56,,,,,,,,,,,
1/6/2018,13:00,70,27.3,4.6,0.1,0.2,0.1,2.1,61.1,19.62,,,,,,,,,,,
1/6/2018,14:00,64.6,27.9,5,0,0.1,0.1,2.1,59.5,16.36,,,,,,,,,,,
1/6/2018,15:00,72.3,28.1,4.8,0,0.1,0.1,2.2,60.4,17.98,,,,,,,,,,,
1/6/2018,16:00,62.7,27.6,4.7,0.1,0.1,0.1,2.2,62,17.24,,,,,,,,,,,
1/6/2018,17:00,64.9,27,4.9,0.1,0.1,0.1,2.2,62.7,17.99,,,,,,,,,,,
1/6/2018,18:00,61,26.8,4.1,0,0,0.1,2.5,62.4,19.38,,,,,,,,,,,
1/6/2018,19:00,55.4,27.1,2.9,0,0,0.1,2.2,59.2,17.37,,,,,,,,,,,
1/6/2018,20:00,57.8,26.3,2.3,0,0,0.2,1.9,60.6,18.68,,,,,,,,,,,
1/6/2018,21:00,43.5,25.8,1.5,0,0,0.6,1.5,64.7,23.89,,,,,,,,,,,
1/6/2018,22:00,47.1,25,2,0.2,0.2,0.6,1.4,69.4,16.48,,,,,,,,,,,
1/6/2018,23:00,49.6,24.6,1.9,0.1,0,0.2,1.7,72.6,17.89,,,,,,,,,,,
1/7/2018,0:00,42.8,24,1.4,0,0,0.3,1.4,78.1,23.22,,,,,,,,,,,
1/7/2018,1:00,6.4,23.9,0.7,0.3,0.1,0.9,0.8,78,30.35,,,,,,,,,,,
1/7/2018,2:00,13.2,24.1,0.9,,,0.5,,76.4,26.48,,,,,,,,,,,
1/7/2018,3:00,27.5,23.8,1,0.1,0,0.2,1.4,76.7,29.09,,,,,,,,,,,
1/7/2018,4:00,22.9,23,0.4,0.1,0,0.4,1,81.1,76.34,,,,,,,,,,,
1/7/2018,5:00,14.2,22.7,0.6,0.1,0.4,1,0.3,83.2,77.65,,,,,,,,,,,
1/7/2018,6:00,340.9,23.3,1.2,0.5,2.2,1.3,0.1,79.5,21.67,,,,,,,,,,,
1/7/2018,7:00,341.1,25.8,2.5,0.2,1.1,1.1,1,64.1,11.38,,,,,,,,,,,
1/7/2018,8:00,327.9,30.8,3.8,0.1,0.4,1,2.2,44.7,19.35,,,,,,,,,,,
1/7/2018,9:00,313,35,5.2,0,0.1,0.6,4,30.6,17.93,,,,,,,,,,,
1/7/2018,10:00,317.3,37.5,5.3,0.1,0,0.3,5.2,25.5,15.06,,,,,,,,,,,
1/7/2018,11:00,318.6,38.9,5.5,0,0,0.1,5.2,23,15.97,,,,,,,,,,,
1/7/2018,12:00,320.9,40.3,5,0.1,0,0.1,5.2,21.2,16.82,,,,,,,,,,,
1/7/2018,13:00,319.1,41.4,4.2,0.1,0,0.1,5.2,19.2,21.82,,,,,,,,,,,
1/7/2018,14:00,348.1,41.8,3.8,0.2,0,0.2,6,19,28.17,,,,,,,,,,,
1/7/2018,15:00,51.5,33.8,4.7,0.1,0,0.3,4.5,39.3,15.35,,,,,,,,,,,
1/7/2018,16:00,63.6,34.8,5,0,0,0.2,4.4,35.5,16.9,,,,,,,,,,,
1/7/2018,17:00,61.5,34.4,4.6,0.1,0.1,0.4,4,37.1,16.69,,,,,,,,,,,
1/7/2018,18:00,59.2,33.8,3.6,0.4,0.7,1.4,2.7,39.7,18.49,,,,,,,,,,,
1/7/2018,19:00,48.7,32.5,2.3,0,0,0.5,3.3,43.8,25.03,,,,,,,,,,,
1/7/2018,20:00,57.2,32,2.2,0.1,0.1,1.1,2.5,43.9,22.52,,,,,,,,,,,
1/7/2018,21:00,33.6,31.8,1.2,0,0.1,1,2.7,41.3,33.26,,,,,,,,,,,
1/7/2018,22:00,187.6,27.6,2.4,0,0,0.6,2.8,63.9,52.76,,,,,,,,,,,
1/7/2018,23:00,203,24.3,2.4,0,0,-0.1,3.1,81.6,35.6,,,,,,,,,,,
1/8/2018,0:00,203.1,24,2.3,0,0,-0.1,2.9,82.2,40.57,,,,,,,,,,,
1/8/2018,1:00,192.4,23.7,4.3,0,0,-0.1,2.9,82.5,27.35,,,,,,,,,,,
1/8/2018,2:00,192.3,23.1,4.5,,,-0.1,,82.6,26.62,,,,,,,,,,,
1/8/2018,3:00,211.6,22.9,2.4,0,0,-0.1,2.6,83,30.4,,,,,,,,,,,
1/8/2018,4:00,221.9,23.1,1.6,0,0,0,2.3,81.9,28.34,,,,,,,,,,,
1/8/2018,5:00,277.6,23.1,0.8,0.4,0,0.8,1.3,81.4,49.2,,,,,,,,,,,
1/8/2018,6:00,300.8,23.9,0.8,0.4,0,0.7,1.5,76.5,65.19,,,,,,,,,,,
1/8/2018,7:00,198,25.4,0.8,0.3,0.1,0.5,2.1,69.3,60.55,,,,,,,,,,,
1/8/2018,8:00,79,25.7,1.2,0.7,0.6,1,1.7,68.7,59.5,,,,,,,,,,,
1/8/2018,9:00,34.2,26.9,1.7,1.1,1.5,1.5,1.2,66.6,32.38,,,,,,,,,,,
1/8/2018,10:00,331.6,30.1,1.6,1.1,0.5,0.9,2.9,53.7,40.27,,,,,,,,,,,
1/8/2018,11:00,38.2,32.9,0.7,0.6,0.3,0.9,4.6,44.7,79.5,,,,,,,,,,,
1/8/2018,12:00,129.9,33,2.7,0.7,0.1,0.7,6,42.3,37.18,,,,,,,,,,,
1/8/2018,13:00,92.3,31.7,2.9,0.3,0.1,0.3,6.1,46.3,37.93,,,,,,,,,,,
1/8/2018,14:00,65.7,27.8,3.4,0.4,0.2,0.5,4.3,64.4,22.32,,,,,,,,,,,
1/8/2018,15:00,74.9,27.8,4.2,0.4,0.1,0.3,4.5,64.6,20.84,,,,,,,,,,,
1/8/2018,16:00,74.3,27.4,4.2,0.2,0.1,0.3,3.8,67.1,21.79,,,,,,,,,,,
1/8/2018,17:00,108.2,27.2,1.7,0.1,0,0.3,3.9,65.7,72.53,,,,,,,,,,,
1/8/2018,18:00,150.2,26.9,2.1,0.1,0,0.1,4,66.5,33.49,,,,,,,,,,,
1/8/2018,19:00,16.9,25.7,0.2,0.1,0,0.2,4.4,71.2,103.08,,,,,,,,,,,
1/8/2018,20:00,107.5,25.3,0.7,0,0,0.5,4.4,76.1,72.03,,,,,,,,,,,
1/8/2018,21:00,358.5,26.5,2.1,0.4,0,1.8,2.2,76,21.14,,,,,,,,,,,
1/8/2018,22:00,2.4,26.3,1.7,0.5,0,1.5,2.5,68.2,28.31,,,,,,,,,,,
1/8/2018,23:00,344.5,26,0.6,0.4,0,1.3,2.6,68.2,76.75,,,,,,,,,,,
1/9/2018,0:00,168.7,24.1,3,0.1,0,0.1,3.5,83,20.28,,,,,,,,,,,
1/9/2018,1:00,171,23.3,2.3,0.1,0,0,2.9,87,21.34,,,,,,,,,,,
1/9/2018,2:00,180.9,22.7,1.1,,,0,,88.3,28.8,,,,,,,,,,,
1/9/2018,3:00,165.7,22.6,2.1,0.1,0,0,2.5,90,31.23,,,,,,,,,,,
1/9/2018,4:00,157.1,22.7,2.4,0,0,-0.1,1.8,91,24.39,,,,,,,,,,,
1/9/2018,5:00,193.3,23.1,2.8,0,0,-0.1,1.7,89.3,27.28,,,,,,,,,,,
1/9/2018,6:00,182.2,23.7,3.1,0,0,0,2.2,90,21.92,,,,,,,,,,,
1/9/2018,7:00,168.5,23.6,3.1,0,0.1,0,1.8,90.9,22.8,,,,,,,,,,,
1/9/2018,8:00,167.1,24.1,3.3,0,0.1,0,1.7,86.5,21.78,,,,,,,,,,,
1/9/2018,9:00,128.6,24,3.7,0,0.1,0,2.3,80.1,24.2,,,,,,,,,,,
1/9/2018,10:00,88,24.3,3.6,0,0.1,0.1,2.6,76.2,28.16,,,,,,,,,,,
1/9/2018,11:00,34.5,24.7,3,0.1,0.3,0.3,1.7,81.4,29.12,,,,,,,,,,,
1/9/2018,12:00,42.7,25.7,2.9,0.1,0.4,0.3,1.4,79.3,24.18,,,,,,,,,,,
1/9/2018,13:00,57.4,27.6,2.4,0.1,0.3,0.2,1.9,70.7,22.94,,,,,,,,,,,
1/9/2018,14:00,82.6,27.6,2.5,0.1,0.3,0.4,1.9,68.8,25.2,,,,,,,,,,,
1/9/2018,15:00,57.3,27.4,3.3,0.1,0.3,0.4,2.3,69.1,19.73,,,,,,,,,,,
1/9/2018,16:00,57.8,27,2.8,0.1,0.3,0.5,2.3,70.7,23.11,,,,,,,,,,,
1/9/2018,17:00,93.7,27.2,1.6,0,0.2,0.4,2.5,71.1,39.19,,,,,,,,,,,
1/9/2018,18:00,62.5,27.8,2.3,0,0.1,0.4,2.6,68.1,24.47,,,,,,,,,,,
1/9/2018,19:00,51.9,26.8,0.8,0.7,0.4,1.1,2,71.2,77.83,,,,,,,,,,,
1/9/2018,20:00,190.8,25.8,2.4,0.3,0,0.6,2.2,75.8,27.95,,,,,,,,,,,
1/9/2018,21:00,172.2,22.3,4.5,0,0,0,3.9,81.6,21.46,,,,,,,,,,,
1/9/2018,22:00,140.6,22.1,1.8,0,0,0,4.1,82.3,46.56,,,,,,,,,,,
1/9/2018,23:00,13.6,22.1,1.6,0.1,0,0.6,3.5,83.6,39.48,,,,,,,,,,,
1/10/2018,0:00,70,21.4,1.2,0,0,0,3.6,89,105.87,,,,,,,,,,,
1/10/2018,1:00,266.3,21.1,0.3,0,0,0.1,3,90.6,80.98,,,,,,,,,,,
1/10/2018,2:00,216.4,21,0.7,,,0.1,,91.8,52.69,,,,,,,,,,,
1/10/2018,3:00,193.9,21.2,1.7,0,0,0.1,3.8,91.2,23.27,,,,,,,,,,,
1/10/2018,4:00,169.9,21.5,2.9,0,0,0,2.5,89.9,24.69,,,,,,,,,,,
1/10/2018,5:00,165.5,21.4,3.3,0,0,-0.1,1.8,86,20.75,,,,,,,,,,,
1/10/2018,6:00,163.3,21.2,3.6,0,0,-0.1,1.7,82.5,20.57,,,,,,,,,,,
1/10/2018,7:00,169.5,21.1,2.9,0,0,0,1.6,81.9,26.15,,,,,,,,,,,
1/10/2018,8:00,169.3,21.4,2.9,0,0.1,0,1.6,78,21.74,,,,,,,,,,,
1/10/2018,9:00,171.5,22.4,2.9,0,0,0,1.8,70.7,22.72,,,,,,,,,,,
1/10/2018,10:00,165,23.1,3.2,0,0,0,2,67.3,22.62,,,,,,,,,,,
1/10/2018,11:00,166.8,22.6,2.9,0,0,0,2.1,69,22.62,,,,,,,,,,,
1/10/2018,12:00,164.8,22.6,2.9,0,0,0,2.2,67.6,20.79,,,,,,,,,,,
1/10/2018,13:00,159.8,22.9,3.8,0,0,0,2.3,65.3,19.32,,,,,,,,,,,
1/10/2018,14:00,161,22.9,3.6,0.1,0,0,2.5,65,19.35,,,,,,,,,,,
1/10/2018,15:00,163.9,23.1,3.2,0,0.1,0,2.3,63.8,22.24,,,,,,,,,,,
1/10/2018,16:00,159.8,22.5,3.6,0,0.1,0,2.3,64.5,18.8,,,,,,,,,,,
1/10/2018,17:00,159.7,22.3,3.3,0,0,0.1,2.6,65.6,19.29,,,,,,,,,,,
1/10/2018,18:00,165.1,22,2.6,0,0,0.1,2.6,65.8,22.36,,,,,,,,,,,
1/10/2018,19:00,158,21.7,2.6,0,0,0,2.7,67.5,19.81,,,,,,,,,,,
1/10/2018,20:00,159.9,21.5,2.1,0,0,0,2.5,70.3,19.98,,,,,,,,,,,
1/10/2018,21:00,157.9,21.5,1.9,0,0,0,2.4,72.1,17.85,,,,,,,,,,,
1/10/2018,22:00,157.2,21.6,1.7,0.1,0,0,2.4,72.9,19.09,,,,,,,,,,,
1/10/2018,23:00,172.6,21.6,1.6,0.1,0,0,2.4,74.2,20.86,,,,,,,,,,,
1/11/2018,0:00,174.2,21.5,1.5,0.1,0,0,2.4,75.4,23.07,,,,,,,,,,,
1/11/2018,1:00,169,21.5,1.4,0.1,0,0,2.4,76.1,20.23,,,,,,,,,,,
1/11/2018,2:00,162.5,21.4,1.8,,,0,,76.6,19.33,,,,,,,,,,,
1/11/2018,3:00,157.6,21.3,2,0.1,0,0,2.5,77.5,18.35,,,,,,,,,,,
1/11/2018,4:00,168.3,21.3,1.6,0.1,0,0.1,2.2,78.1,21.85,,,,,,,,,,,
1/11/2018,5:00,175,21.3,1.6,0.1,0,0.1,2.1,78.8,23.06,,,,,,,,,,,
1/11/2018,6:00,166.5,21.4,1.4,0.1,0,0.1,2.2,78.6,21.16,,,,,,,,,,,
1/11/2018,7:00,167.7,21.8,1.9,0.1,0,0.1,1.9,77.1,21.48,,,,,,,,,,,
1/11/2018,8:00,147.1,22,3.1,0.1,0.1,0.1,1.9,76.7,12.6,,,,,,,,,,,
1/11/2018,9:00,119.1,22.8,1.8,0,0,0,2.3,72.3,35.56,,,,,,,,,,,
1/11/2018,10:00,123.8,23,1.7,0.1,0.1,0.2,2.4,70.6,38.89,,,,,,,,,,,
1/11/2018,11:00,141.2,23,2.7,0.1,0.1,0.1,2.5,72.3,14.34,,,,,,,,,,,
1/11/2018,12:00,142.7,23.7,3,0.2,0.1,0.1,2.5,71.3,21.88,,,,,,,,,,,
1/11/2018,13:00,151.9,24.2,3.2,0.2,0.1,0,2.8,71.5,20.67,,,,,,,,,,,
1/11/2018,14:00,128.2,23.8,3.5,0.2,0.1,0,2.8,72.3,18.33,,,,,,,,,,,
1/11/2018,15:00,112.3,24,4,0.1,0.1,0,2.9,71.5,15.92,,,,,,,,,,,
1/11/2018,16:00,108.9,23.9,3.9,0.1,0.1,0,2.6,73.4,16.46,,,,,,,,,,,
1/11/2018,17:00,91.2,24.4,3.9,0.1,0.1,0,2.3,72,22.55,,,,,,,,,,,
1/11/2018,18:00,92.4,24.2,3.6,0,0.1,0,2.4,73.2,20.61,,,,,,,,,,,
1/11/2018,19:00,83.3,23.5,3.2,0,0,0.1,2.2,77.3,20.97,,,,,,,,,,,
1/11/2018,20:00,79.9,23.4,2.6,0,0,0.2,2,78.7,24.54,,,,,,,,,,,
1/11/2018,21:00,65.3,23.4,2.1,0.1,0,0.2,1.8,79.2,22.3,,,,,,,,,,,
1/11/2018,22:00,52.1,23.4,2.3,0,0,0.1,2,79.8,18.94,,,,,,,,,,,
1/11/2018,23:00,49.3,23.3,2.3,0.1,0,0.1,1.9,80.7,17.22,,,,,,,,,,,
1/12/2018,0:00,55.7,23,1.1,0,0,0.1,1.9,82.9,32.82,,,,,,,,,,,
1/12/2018,1:00,61.7,22.8,0.9,0,0,0.3,1.7,84.4,37.08,,,,,,,,,,,
1/12/2018,2:00,86,22.4,0.5,,,0.2,,86,53.27,,,,,,,,,,,
1/12/2018,3:00,156.7,21.9,0.9,0,0,0.1,1.7,89.3,27.58,,,,,,,,,,,
1/12/2018,4:00,104.7,21.8,0.6,0,0,0.1,1.5,91.6,45.83,,,,,,,,,,,
1/12/2018,5:00,44.9,22.3,1.2,0.1,0,0.3,1.6,90.1,23.61,,,,,,,,,,,
1/12/2018,6:00,41.2,22.4,1.3,0.1,0.1,0.3,1.5,89.9,24.63,,,,,,,,,,,
1/12/2018,7:00,15.9,22.7,1.3,0.1,0.7,1,0.7,88.3,28.47,,,,,,,,,,,
1/12/2018,8:00,28.2,23.8,2.1,0.3,0.7,0.7,1,82.5,20.97,,,,,,,,,,,
1/12/2018,9:00,12.8,25.2,2.1,0.1,0.4,0.5,1.6,76.1,30.77,,,,,,,,,,,
1/12/2018,10:00,9.5,26,1.6,0.2,0.3,0.6,1.9,72.3,36.51,,,,,,,,,,,
1/12/2018,11:00,100.5,26.8,2.5,0.1,0.2,0.2,2.5,71.4,55.68,,,,,,,,,,,
1/12/2018,12:00,98.4,25.7,3.6,0.1,0.1,0.1,2.4,79,18.37,,,,,,,,,,,
1/12/2018,13:00,79.3,26.5,4,0,0.2,0.2,2.4,76.5,20.64,,,,,,,,,,,
1/12/2018,14:00,72.5,26.7,4.8,0.1,0.1,0.1,2.6,75.9,18.82,,,,,,,,,,,
1/12/2018,15:00,71,27.3,4.1,0.1,0.3,0.3,2.8,72.9,21.1,,,,,,,,,,,
1/12/2018,16:00,73.9,27.8,4.2,0,0.2,0.2,2.5,70.6,21.01,,,,,,,,,,,
1/12/2018,17:00,63.1,27,4.2,0,0.2,0.2,2.5,73.2,19.2,,,,,,,,,,,
1/12/2018,18:00,65.7,27.6,3.7,0,0.1,0.2,2.8,69.9,19.76,,,,,,,,,,,
1/12/2018,19:00,59.4,26.6,3,0,0,0.3,2.5,73.8,19.36,,,,,,,,,,,
1/12/2018,20:00,54.2,26.5,2.8,0.1,0,0.5,2.6,72.9,18.8,,,,,,,,,,,
1/12/2018,21:00,55.1,26,2.7,0.2,0.1,0.7,2.3,76.1,18.92,,,,,,,,,,,
1/12/2018,22:00,33.2,26.3,1.9,0.1,0,0.3,2.5,75,25.13,,,,,,,,,,,
1/12/2018,23:00,42.5,26.1,1.7,0.1,0,0.3,2.3,76.5,25.42,,,,,,,,,,,
1/13/2018,0:00,35.5,26,1.2,0,0,0.3,2.2,76,29.36,,,,,,,,,,,
1/13/2018,1:00,31.6,26.4,1.2,0.1,0,0.8,1.6,73.9,36.04,,,,,,,,,,,
1/13/2018,2:00,48.3,26.1,0.4,,,0.8,,76.6,73.08,,,,,,,,,,,
1/13/2018,3:00,25,26.3,0.9,0.1,0.1,0.9,1.5,76.9,15.62,,,,,,,,,,,
1/13/2018,4:00,331.4,25.5,0.5,0.2,0.3,1.4,0.5,81.6,39.76,,,,,,,,,,,
1/13/2018,5:00,159.1,24.9,0.9,0.2,0.5,1.1,0.6,83.5,52.17,,,,,,,,,,,
1/13/2018,6:00,167.3,25,1.1,0.1,0,0.4,1.3,83.1,42.05,,,,,,,,,,,
1/13/2018,7:00,166,24.5,1.9,0.2,0,0.3,1.6,84.4,32.51,,,,,,,,,,,
1/13/2018,8:00,153.9,24.6,1.3,0.2,0.1,0.5,1.4,84.2,37.17,,,,,,,,,,,
1/13/2018,9:00,325.1,27.6,1.5,0.2,0.2,0.8,1.5,67.2,101.24,,,,,,,,,,,
1/13/2018,10:00,313.9,33.7,4,0.5,0.2,0.7,2.5,33.8,15.87,,,,,,,,,,,
1/13/2018,11:00,320.8,34.6,5.5,0.2,0.1,0.4,3.6,31.8,12.94,,,,,,,,,,,
1/13/2018,12:00,319.2,36.2,6.6,0.2,0.1,0.2,4.4,28.9,15.58,,,,,,,,,,,
1/13/2018,13:00,307.8,36.8,5.7,0,0,0.1,4.4,28.7,22.95,,,,,,,,,,,
1/13/2018,14:00,269.6,33.8,1.5,0.1,0.1,0.1,4.5,39.8,77.66,,,,,,,,,,,
1/13/2018,15:00,157.6,27.3,3.1,0.1,0.1,0.3,5.5,69.7,25.33,,,,,,,,,,,
1/13/2018,16:00,151,26.1,3.6,0.1,0,0.1,5.8,73.3,19.46,,,,,,,,,,,
1/13/2018,17:00,138.1,24.5,4.9,0.1,0,0,5.2,77.7,16.47,,,,,,,,,,,
1/13/2018,18:00,152.6,23.9,5.1,0.1,0,0,3.4,76,14.31,,,,,,,,,,,
1/13/2018,19:00,162,23.4,3,0,0,0,2.6,78.9,18.58,,,,,,,,,,,
1/13/2018,20:00,156.8,22.9,2.1,0.1,0,0,2.3,82.5,18.42,,,,,,,,,,,
1/13/2018,21:00,165.6,22.6,1.3,0.1,0,0.1,2.1,83.4,24.72,,,,,,,,,,,
1/13/2018,22:00,181.9,22.5,2,0,0,0,2.2,84,20.63,,,,,,,,,,,
1/13/2018,23:00,177.8,22.1,2.1,0,0,0,2.2,83.5,22.51,,,,,,,,,,,
1/14/2018,0:00,193.5,21.3,1.2,0,0,-0.1,2.2,87.4,34.16,,,,,,,,,,,
1/14/2018,1:00,223.1,20.7,0.6,0,0,0,1.9,88.6,43.27,,,,,,,,,,,
1/14/2018,2:00,281.6,20.3,0.4,,,0.2,,90.9,48.77,,,,,,,,,,,
1/14/2018,3:00,313.5,19.7,0.8,0,0,0.4,1,93.3,27.78,,,,,,,,,,,
1/14/2018,4:00,307.8,19.1,0.7,0.1,0,0.4,0.6,93.7,34.31,,,,,,,,,,,
1/14/2018,5:00,272.9,19.3,0.7,0.2,0,0.6,0.7,90.9,54.31,,,,,,,,,,,
1/14/2018,6:00,193.3,19.1,4.3,0.1,0,0.1,2,77.6,28.61,,,,,,,,,,,
1/14/2018,7:00,195,17.8,4.6,0,0,0,2.3,79.3,25.34,,,,,,,,,,,
1/14/2018,8:00,206,18.5,3.4,0,0.1,0,2.2,68.7,29.14,,,,,,,,,,,
1/14/2018,9:00,208.5,19.1,4,0.2,0.2,0.1,2,60.4,29.18,,,,,,,,,,,
1/14/2018,10:00,197,19.8,4.2,0,0.1,0,2.1,53.6,27.75,,,,,,,,,,,
1/14/2018,11:00,190.1,21,5.6,0,0.1,0,2.3,48.3,23.01,,,,,,,,,,,
1/14/2018,12:00,190.4,21.7,6,0,0.1,0,2.5,49.3,23.64,,,,,,,,,,,
1/14/2018,13:00,193.2,21.8,6.7,0,0,0,2.3,48.9,23.25,,,,,,,,,,,
1/14/2018,14:00,194.2,22.2,6.7,0,0.1,-0.1,2.2,48.9,22.7,,,,,,,,,,,
1/14/2018,15:00,187.6,21.9,5.9,0,0.1,-0.1,2.1,55.8,23.25,,,,,,,,,,,
1/14/2018,16:00,190.9,21.1,6.3,0,0,-0.1,2.2,60.3,23,,,,,,,,,,,
1/14/2018,17:00,193.8,21.2,6.2,0,0,-0.1,2.2,58.5,23.06,,,,,,,,,,,
1/14/2018,18:00,196.1,20.7,5.6,0,0,-0.1,2.2,59.9,24.51,,,,,,,,,,,
1/14/2018,19:00,194.7,20,5.4,0,0,-0.1,2.3,64.4,24.77,,,,,,,,,,,
1/14/2018,20:00,198.8,18.8,4.7,0,0,-0.1,2.3,75.3,25.54,,,,,,,,,,,
1/14/2018,21:00,192.2,19.7,5.3,0,0,-0.1,2.2,67.4,23.28,,,,,,,,,,,
1/14/2018,22:00,201.1,19,3.6,0,0,-0.1,2.1,72.2,28.78,,,,,,,,,,,
1/14/2018,23:00,215.9,17.8,2.8,0,0,0,1.9,76.9,29.54,,,,,,,,,,,
1/15/2018,0:00,207.1,18.4,3.2,0,0,-0.1,1.7,70.2,30.48,,,,,,,,,,,
1/15/2018,1:00,215.5,18.2,2.8,0,0,-0.1,1.7,72,,31.38,,,,,,,,,,
1/15/2018,2:00,202.7,17.7,4,,,-0.1,,75.9,,27.61,,,,,,,,,,
1/15/2018,3:00,198.2,17.4,3.4,0,0,-0.1,1.7,76.4,,30.41,,,,,,,,,,
1/15/2018,4:00,195.6,18.7,4.6,0,0,-0.1,1.9,64.6,,27.78,,,,,,,,,,
1/15/2018,5:00,211.1,18.4,2.7,0.1,0,0,1.8,61.5,,34.92,,,,,,,,,,
1/15/2018,6:00,233.5,17.1,2,0.1,0,0.4,1.2,68.2,,33.63,,,,,,,,,,
1/15/2018,7:00,228.2,18,2.5,0.3,0.3,0.4,1.1,63.4,,30.83,,,,,,,,,,
1/15/2018,8:00,221.7,19.3,3.3,0.3,0.3,0.3,1.6,56.2,,30.63,,,,,,,,,,
1/15/2018,9:00,206,19.7,3.5,0.2,0.2,0.2,1.8,54.3,,28.18,,,,,,,,,,
1/15/2018,10:00,204.5,20.2,3.8,0,0.1,0.1,2.1,52.4,,28.35,,,,,,,,,,
1/15/2018,11:00,193.8,20.6,3.9,0.1,0.1,0.2,2.3,51.3,,26.64,,,,,,,,,,
1/15/2018,12:00,189.4,22.4,4.6,0,0,0,2.7,48.3,,24.19,,,,,,,,,,
1/15/2018,13:00,190.2,22.3,5.6,0,0.1,0,2.6,49.6,,22.59,,,,,,,,,,
1/15/2018,14:00,190.6,22.6,4.7,0,0,0,2.3,50.1,,23.65,,,,,,,,,,
1/15/2018,15:00,182.9,22.8,4.1,0,0.1,0,2.2,53.2,,24.01,,,,,,,,,,
1/15/2018,16:00,171.6,21.7,3.6,0,0.1,0,2.2,64.4,,22.63,,,,,,,,,,
1/15/2018,17:00,181.9,21.1,3.4,0,0.1,0,2,68.5,,23.79,,,,,,,,,,
1/15/2018,18:00,189.5,21.6,4.9,0,0.1,0,1.7,65.4,,23.14,,,,,,,,,,
1/15/2018,19:00,198.1,21.3,4.8,0,0,-0.1,1.7,65.4,,25.17,,,,,,,,,,
1/15/2018,20:00,192.7,21.2,4.7,0,0,-0.1,1.7,65.2,,22.65,,,,,,,,,,
1/15/2018,21:00,194.4,21.1,4.6,0,0,-0.1,1.6,66.8,,24.37,,,,,,,,,,
1/15/2018,22:00,200.6,20.8,3.7,0,0,-0.1,1.6,66.2,,26.65,,,,,,,,,,
1/15/2018,23:00,202.2,20.9,3.5,0.1,0,-0.1,1.6,68.4,,29.18,,,,,,,,,,
1/16/2018,0:00,191.1,21,5.3,0,0,-0.1,1.8,66.6,,23.69,,,,,,,,,,
1/16/2018,1:00,194.1,20.7,5.3,0,0,-0.1,1.9,63.8,,24.57,,,,,,,,,,
1/16/2018,2:00,188.4,20.4,5.6,,,-0.1,,59.7,,22.35,,,,,,,,,,
1/16/2018,3:00,191.9,20,5.7,0,0,-0.1,2.1,60.1,,24.12,,,,,,,,,,
1/16/2018,4:00,185.6,20.2,5.9,0,0,-0.1,2.4,61.1,,21.6,,,,,,,,,,
1/16/2018,5:00,189.9,19.9,5.9,0,0,-0.1,2.4,58.1,,22.44,,,,,,,,,,
1/16/2018,6:00,189.3,19.9,5.2,0,0,-0.1,2.2,53.1,,23.11,,,,,,,,,,
1/16/2018,7:00,188.9,20.7,5.1,0,0.1,0,2.1,51.6,,22.63,,,,,,,,,,
1/16/2018,8:00,187.1,21.3,5.2,0,0.1,0,2.1,49.2,,22.2,,,,,,,,,,
1/16/2018,9:00,191.8,21.7,4.9,0.1,0.1,0,2.1,51.9,,24.62,,,,,,,,,,
1/16/2018,10:00,198.8,20.7,4.4,0,0.1,0,2.1,59.5,,26.85,,,,,,,,,,
1/16/2018,11:00,194.3,22.1,4.9,0,0.1,0,2.1,52.1,,25.05,,,,,,,,,,
1/16/2018,12:00,192.2,21,5.3,0,0.1,0,2.1,58.5,,24.36,,,,,,,,,,
1/16/2018,13:00,194.5,21.7,5.3,0,0,-0.1,2.1,57.4,,25.48,,,,,,,,,,
1/16/2018,14:00,192.8,22.3,5.6,0.1,0,0,2.3,53,,25.39,,,,,,,,,,
1/16/2018,15:00,190.3,22.5,5.3,0,0.1,0,2.2,48.9,,23.68,,,,,,,,,,
1/16/2018,16:00,189.9,22.2,5.3,0,0.1,0,2.2,51.8,,22.93,,,,,,,,,,
1/16/2018,17:00,191,21.7,4.9,0.1,0.1,0,2.2,55.8,,24.26,,,,,,,,,,
1/16/2018,18:00,191.4,21,4.9,0,0.1,0,2.3,57.1,,23.22,,,,,,,,,,
1/16/2018,19:00,190.8,20.3,4.7,0,0.1,0,2.1,57,,23.24,,,,,,,,,,
1/16/2018,20:00,187.8,20,4.2,0.1,0,-0.1,1.9,56.6,,22.56,,,,,,,,,,
1/16/2018,21:00,190.4,20,3.8,0,0,-0.1,1.9,56.9,,23.82,,,,,,,,,,
1/16/2018,22:00,193,19.9,3.7,0.1,0,-0.1,1.9,56.8,,25.14,,,,,,,,,,
1/16/2018,23:00,193.3,19.8,3.9,0,0,-0.1,1.9,57.8,,25.31,,,,,,,,,,
1/17/2018,0:00,197.6,19.7,3.8,0,0,-0.1,1.9,59.2,,25.3,,,,,,,,,,
1/17/2018,1:00,196.7,19.6,3.6,0,0,-0.1,1.8,58.9,,24.85,,,,,,,,,,
1/17/2018,2:00,201.5,19.4,3.7,,,0,,59.8,,24.9,,,,,,,,,,
1/17/2018,3:00,206.1,19.1,3,0,0,0,1.7,58.7,,29.28,,,,,,,,,,
1/17/2018,4:00,240.9,17.6,1.2,0.1,0,0.1,1.4,67.4,,44.62,,,,,,,,,,
1/17/2018,5:00,237.2,16.8,0.9,0.2,0,0.4,1.1,70.8,,53.53,,,,,,,,,,
1/17/2018,6:00,243.7,17.2,0.9,0.4,0.1,0.7,0.8,70.3,,50.09,,,,,,,,,,
1/17/2018,7:00,234.5,19,1.8,0.6,0.5,0.6,0.9,64,,43.21,,,,,,,,,,
1/17/2018,8:00,207.5,20.5,2.6,0.5,0.4,0.4,1.2,58.3,,30.83,,,,,,,,,,
1/17/2018,9:00,193.8,21.3,4.1,0.2,0.2,0.2,1.7,55.7,,24.33,,,,,,,,,,
1/17/2018,10:00,191.5,21.8,4.7,0,0.1,0.1,2,53.5,,22.74,,,,,,,,,,
1/17/2018,11:00,190.7,22.4,4.7,0.1,0.1,0.1,2.2,52.5,,26.27,,,,,,,,,,
1/17/2018,12:00,191.6,22.7,4.6,0.1,0.1,0,2.1,53.3,,23.09,,,,,,,,,,
1/17/2018,13:00,189.9,23,4.5,0.1,0.1,0,2,52.1,,24.59,,,,,,,,,,
1/17/2018,14:00,181,22.8,4.4,0,0.1,0,2,54.1,,23.08,,,,,,,,,,
1/17/2018,15:00,179.7,22.6,4.5,0.1,0.1,0,2.1,55.6,,22.47,,,,,,,,,,
1/17/2018,16:00,173.7,22.3,4.1,0.1,0.1,0,2.1,56.9,,23.7,,,,,,,,,,
1/17/2018,17:00,171.9,22,3.8,0.1,0.1,0.1,2.1,59,,21.89,,,,,,,,,,
1/17/2018,18:00,173.9,21.4,3.3,0.1,0,0,2,62.4,,23.14,,,,,,,,,,
1/17/2018,19:00,172.3,20.7,2.7,0,0,0,1.9,65.4,,21.72,,,,,,,,,,
1/17/2018,20:00,174,20.2,2.2,0.1,0,0.1,2,67.3,,22.31,,,,,,,,,,
1/17/2018,21:00,178.7,20.1,1.7,0.1,0,0,1.8,67.3,,23.36,,,,,,,,,,
1/17/2018,22:00,184.1,19.8,1.4,0.1,0,0,1.6,68.5,,23.89,,,,,,,,,,
1/17/2018,23:00,278.2,18.7,0.6,0.1,0,0.3,1.2,71.9,,39.13,,,,,,,,,,
1/18/2018,0:00,300.9,17.3,0.6,0.1,0,0.6,0.8,76.7,,39,,,,,,,,,,
1/18/2018,1:00,326.9,16.8,0.3,0,0,0.4,1,80.5,,61.97,,,,,,,,,,
1/18/2018,2:00,324.7,16.4,0.4,,,0.3,,82.5,,53.02,,,,,,,,,,
1/18/2018,3:00,321.2,16.3,0.5,0,0,0.3,1.1,83.2,,55.5,,,,,,,,,,
1/18/2018,4:00,307.9,16.1,0.5,0,0,0.3,1.2,83.3,,36.14,,,,,,,,,,
1/18/2018,5:00,322.6,15.6,0.9,0,0.3,0.9,0.5,84.8,,15.63,,,,,,,,,,
1/18/2018,6:00,323.3,15.4,1.1,0.1,2.5,1.3,0.1,85,,8.88,,,,,,,,,,
1/18/2018,7:00,315.2,17.9,1.5,0.1,1.6,1.1,0.5,75.7,,16.76,,,,,,,,,,
1/18/2018,8:00,280.1,20.6,1,0.1,0.5,0.4,1.2,64.1,,46.5,,,,,,,,,,
1/18/2018,9:00,327.5,21.9,1.3,0.2,0.5,0.4,1.4,56.8,,45.01,,,,,,,,,,
1/18/2018,10:00,124,22.8,1.3,0.1,0.4,0.4,1.7,54.2,,76.58,,,,,,,,,,
1/18/2018,11:00,140.5,22.5,3.5,0.2,0.5,0.5,1.8,59.1,,16.83,,,,,,,,,,
1/18/2018,12:00,142.7,22.7,3.5,0.1,0.1,0.2,2.9,56.4,,13.71,,,,,,,,,,
1/18/2018,13:00,136.9,23.5,3.8,0.5,0.3,0.3,2.7,47.4,,14.74,,,,,,,,,,
1/18/2018,14:00,122,24,4.3,0.5,0.2,0.3,2.8,43.5,,15.03,,,,,,,,,,
1/18/2018,15:00,111.6,24.1,3.8,0.6,0.3,0.4,2.6,47.7,,19.58,,,,,,,,,,
1/18/2018,16:00,104.7,23.6,4.4,0.3,0.1,0.2,3,54.8,,17.33,,,,,,,,,,
1/18/2018,17:00,104.1,23.4,4.3,0.1,0.1,0.1,3.2,58.6,,16.49,,,,,,,,,,
1/18/2018,18:00,94.4,23,3.7,0.1,0.1,0.1,2.8,60.8,,21.03,,,,,,,,,,
1/18/2018,19:00,65,22.4,2.5,0.1,0.1,0.2,1.7,63.8,,24.66,,,,,,,,,,
1/18/2018,20:00,50.6,21.8,2.2,0.1,0.1,0.3,1.5,69.4,,20.68,,,,,,,,,,
1/18/2018,21:00,48.1,21.4,1.6,0.1,0.1,0.3,1.4,69.7,,27.1,,,,,,,,,,
1/18/2018,22:00,94.3,21,1.1,0.1,0,0.2,1.6,74.7,,26.03,,,,,,,,,,
1/18/2018,23:00,94.6,20.7,1.1,0.4,0.3,0.7,1,77.3,,28.86,,,,,,,,,,
1/19/2018,0:00,136.9,19.8,0.8,0.1,0,0.1,1.4,80.8,,25.07,,,,,,,,,,
1/19/2018,1:00,204.6,18.1,0.4,0.1,0.1,0.4,0.7,86,,39.95,,,,,,,,,,
1/19/2018,2:00,256.7,17,0.3,,,0.4,,88.2,,54.01,,,,,,,,,,
1/19/2018,3:00,295.7,16.5,0.1,0,0,0.5,0.4,90.2,,92.29,,,,,,,,,,
1/19/2018,4:00,312.6,16,0.4,0,0.2,0.6,0.2,91.9,,69.55,,,,,,,,,,
1/19/2018,5:00,310.5,15.6,0.5,0,1.5,0.9,0.1,92.1,,31.87,,,,,,,,,,
1/19/2018,6:00,323.8,16,1.3,0.1,4.3,1.3,0.1,90.8,,13.72,,,,,,,,,,
1/19/2018,7:00,324.4,17.9,1.9,0.5,3.1,1.3,0.4,84.7,,12.53,,,,,,,,,,
1/19/2018,8:00,328.5,20.6,2.2,2.4,1.9,1.1,0.7,73.3,,17.58,,,,,,,,,,
1/19/2018,9:00,355.1,23.2,1.8,3.9,1.5,1.1,1.1,57.9,,28.16,,,,,,,,,,
1/19/2018,10:00,334.2,26,1.7,1.9,1,1,1.6,44.1,,46.51,,,,,,,,,,
1/19/2018,11:00,61.8,27.6,2.7,1.5,1,1.1,2,42.6,,22.51,,,,,,,,,,
1/19/2018,12:00,110.3,26.6,4.1,2.1,0.7,0.9,2.6,46.9,,22.56,,,,,,,,,,
1/19/2018,13:00,101.8,25.9,4,0.9,0.5,0.5,2.3,47,,19.37,,,,,,,,,,
1/19/2018,14:00,93.6,26.1,3.7,0.1,0.2,0.2,2.5,46.4,,24.25,,,,,,,,,,
1/19/2018,15:00,87.8,25.4,3.9,0.1,0.2,0.2,2.7,55.9,,26.05,,,,,,,,,,
1/19/2018,16:00,59.7,24.8,3.8,0.1,0.2,0.2,2.2,65.4,,20.42,,,,,,,,,,
1/19/2018,17:00,75.3,24.4,4.4,0.1,0.1,0.1,2,66.8,,22.53,,,,,,,,,,
1/19/2018,18:00,67.7,24,3.5,0,0.2,0.1,1.5,66.1,,25.33,,,,,,,,,,
1/19/2018,19:00,81.5,23.2,2.7,0.1,0.1,0.1,1.4,67.1,,27.26,,,,,,,,,,
1/19/2018,20:00,99.1,22.5,2,0,0,0.1,1.4,70.5,,22.1,,,,,,,,,,
1/19/2018,21:00,114.1,21.9,1.5,0,0,0.1,1.4,72.8,,22.01,,,,,,,,,,
1/19/2018,22:00,135.7,20.9,1.2,0,0,0.2,1.2,78.6,,20.62,,,,,,,,,,
1/19/2018,23:00,131.7,20.6,1.2,0.1,0,0.1,1.2,80.8,,17.89,,,,,,,,,,
1/20/2018,0:00,132.8,20.5,1.3,0,0,0.1,1.4,77.4,,18.5,,,,,,,,,,
1/20/2018,1:00,124.8,20.6,1.5,0,0,0,1.6,72.8,,9.62,,,,,,,,,,
1/20/2018,2:00,134.6,19.4,0.8,,,,,79.2,,22,,,,,,,,,,
1/20/2018,3:00,159.6,18.1,0.4,0,0.1,0.3,0.8,85,,71.33,,,,,,,,,,
1/20/2018,4:00,311.4,16.6,0.3,0,0.2,0.7,0.1,88.3,,65.88,,,,,,,,,,
1/20/2018,5:00,337.3,16.2,0.1,0,0.5,0.7,0.1,90.5,,93.48,,,,,,,,,,
1/20/2018,6:00,306.7,16.7,0.2,0,1.3,0.8,0.1,91.7,,77.35,,,,,,,,,,
1/20/2018,7:00,329.9,19.8,0.2,0.1,0.9,0.6,0.6,82.5,,78.6,,,,,,,,,,
1/20/2018,8:00,34.6,22.4,0.9,0.7,1,0.8,1.1,70.8,,36.04,,,,,,,,,,
1/20/2018,9:00,51.4,23.3,2,0.2,0.4,0.3,1.9,67.3,,25.98,,,,,,,,,,
1/20/2018,10:00,90.4,24,2.2,0.1,0.1,0.1,2.3,64.9,,29.28,,,,,,,,,,
1/20/2018,11:00,76.2,25.2,1.8,0.1,0.1,0.1,2.5,58.1,,34.65,,,,,,,,,,
1/20/2018,12:00,46,26.3,1.9,0.2,0.3,0.2,2.5,53.3,,31.24,,,,,,,,,,
1/20/2018,13:00,118.1,25.4,4.1,0.1,0.1,0,2.6,62.1,,16.48,,,,,,,,,,
1/20/2018,14:00,98.6,25,4.8,0,0,-0.1,2.2,67.4,,19.53,,,,,,,,,,
1/20/2018,15:00,97.7,24.7,5.5,0.1,0.1,0,2.2,69.3,,16.04,,,,,,,,,,
1/20/2018,16:00,98.9,24.8,4.6,0,0,-0.1,2.3,69.6,,20.48,,,,,,,,,,
1/20/2018,17:00,89.6,24.7,4.2,0.1,0.1,0,2.3,70.1,,21.91,,,,,,,,,,
1/20/2018,18:00,84.5,24.4,3.6,0.1,0.1,0,1.7,70.7,,22.79,,,,,,,,,,
1/20/2018,19:00,84.1,23.3,3.9,0,0.1,0,1.4,75.1,,20.16,,,,,,,,,,
1/20/2018,20:00,72,22.7,3,0,0,0.1,1.3,78.1,,22.02,,,,,,,,,,
1/20/2018,21:00,64.1,22.5,2.7,0.4,0.7,0.6,0.8,78.9,,21.49,,,,,,,,,,
1/20/2018,22:00,52.9,22.2,2.2,0.1,0.1,0.1,1.1,80,,19.21,,,,,,,,,,
1/20/2018,23:00,52.8,21.9,1.7,0,0.1,0.2,1.1,81.6,,20.71,,,,,,,,,,
1/21/2018,0:00,44.7,21.6,1.3,0.1,0.1,0.2,1,82.5,,27.64,,,,,,,,,,
1/21/2018,1:00,63.5,21.3,0.9,0.1,0,0.1,1.1,82.5,,37.02,,,,,,,,,,
1/21/2018,2:00,94,20.8,0.5,,,,,83.6,,67.04,,,,,,,,,,
1/21/2018,3:00,74.6,20.4,0.8,0.1,0,0.2,1,85.6,,36.74,,,,,,,,,,
1/21/2018,4:00,73,20.3,0.4,0.1,0,0.1,0.9,85.6,,60.16,,,,,,,,,,
1/21/2018,5:00,17.1,19.3,0.1,0.1,0.1,0.4,0.4,88.5,,97.46,,,,,,,,,,
1/21/2018,6:00,184.2,18.7,0.2,0.1,0.5,0.5,0.1,89.5,,71.69,,,,,,,,,,
1/21/2018,7:00,18.3,21.2,1.5,0.1,0.5,0.3,0.8,82.1,,45.91,,,,,,,,,,
1/21/2018,8:00,37.4,22.6,1.7,0.2,0.7,0.4,1,74.1,,27.93,,,,,,,,,,
1/21/2018,9:00,45.2,23.6,1.8,0.1,0.3,0.1,1.4,69.2,,30.87,,,,,,,,,,
1/21/2018,10:00,82.7,24.7,2,0,0.1,0,1.7,65.2,,34.88,,,,,,,,,,
1/21/2018,11:00,114.5,24.7,3.7,0.1,0.1,0,1.6,68.3,,18.95,,,,,,,,,,
1/21/2018,12:00,96.8,25.5,4.4,0.1,0.1,0,1.5,65.4,,17.89,,,,,,,,,,
1/21/2018,13:00,99.4,25.4,5.8,0.1,0.2,0,1.4,65.1,,15.01,,,,,,,,,,
1/21/2018,14:00,89.6,26,4.3,0.1,0.1,0,1.6,64.4,,23.17,,,,,,,,,,
1/21/2018,15:00,79.7,25.7,4.9,0,0.1,-0.1,1.6,67.6,,20.96,,,,,,,,,,
1/21/2018,16:00,74.2,25.5,5.1,0.1,0.1,0,1.6,69.7,,19.25,,,,,,,,,,
1/21/2018,17:00,74.3,25.6,3.9,0.1,0.1,0,1.8,70.3,,22.97,,,,,,,,,,
1/21/2018,18:00,75.6,24.7,4.3,0,0.1,0,1.3,73.5,,22.09,,,,,,,,,,
1/21/2018,19:00,67.1,23.8,3.9,0,0.1,0,1.2,77,,21.11,,,,,,,,,,
1/21/2018,20:00,61.8,23.5,3.9,0.3,0.4,0.4,0.8,77.2,,17.96,,,,,,,,,,
1/21/2018,21:00,55.7,23.4,3.5,0.2,0.1,0.2,1,77.9,,15.95,,,,,,,,,,
1/21/2018,22:00,52.9,23.2,2.9,0.1,0,0.1,1.1,78.5,,17.31,,,,,,,,,,
1/21/2018,23:00,41.1,22.7,2.3,0.2,0.3,0.2,1,79.7,,22.4,,,,,,,,,,
1/22/2018,0:00,28.8,22.3,2.1,0.5,0.2,0.3,0.7,79.9,,20.27,,,,,,,,,,
1/22/2018,1:00,51.8,22.2,2.5,0.2,0.1,0.1,0.9,81.2,,17.74,,,,,,,,,,
1/22/2018,2:00,53,22,2.4,,,0.2,,82.9,,20.43,,,,,,,,,,
1/22/2018,3:00,50.4,21.8,1.8,0,0,0.3,1,83.8,,25.12,,,,,,,,,,
1/22/2018,4:00,8.5,21.4,1.2,0.3,0.2,0.3,0.7,84.3,,31.92,,,,,,,,,,
1/22/2018,5:00,326.6,20.7,1.2,0.5,1,1,0,86.2,,12.82,,,,,,,,,,
1/22/2018,6:00,10.2,21.1,1.5,0.9,2,1,0.1,85.2,,29.32,,,,,,,,,,
1/22/2018,7:00,3.7,22,2.1,0.7,1.8,0.8,0.3,81.8,,17.56,,,,,,,,,,
1/22/2018,8:00,336.9,23.6,2.9,1.9,1.9,0.9,0.5,74.8,,18.74,,,,,,,,,,
1/22/2018,9:00,356.7,26,2.4,3.5,1,0.9,1.1,66.8,,24.03,,,,,,,,,,
1/22/2018,10:00,30.5,28.8,2.1,3.4,0.8,1.1,2,57.5,,33.4,,,,,,,,,,
1/22/2018,11:00,51,29.3,2.9,0.3,0.5,0.7,2.6,55.2,,16.01,,,,,,,,,,
1/22/2018,12:00,71.4,29.7,3.2,0.2,0.5,0.5,1.8,54.8,,21.03,,,,,,,,,,
1/22/2018,13:00,63.4,30.4,3.4,0.1,0.3,0.3,2,52,,21.55,,,,,,,,,,
1/22/2018,14:00,75.5,30.2,4.2,0.1,0.3,0.3,2,50.5,,19.51,,,,,,,,,,
1/22/2018,15:00,65.9,29.1,4.5,0.1,0.2,0.2,2.2,55.2,,18.78,,,,,,,,,,
1/22/2018,16:00,74.8,28.2,4.2,0.1,0.2,0.2,2.2,59.8,,21.01,,,,,,,,,,
1/22/2018,17:00,68.4,27.9,3.6,0.1,0.2,0.2,1.8,60.5,,21.89,,,,,,,,,,
1/22/2018,18:00,68.1,26.3,3.5,0.1,0.1,0.2,1.6,65.9,,23.12,,,,,,,,,,
1/22/2018,19:00,65.5,25.3,3.8,0.2,0.3,0.5,1.2,70.5,,20.6,,,,,,,,,,
1/22/2018,20:00,55.3,24.9,3.1,0.1,0.3,0.3,1.3,71.5,,18.7,,,,,,,,,,
1/22/2018,21:00,54.9,24.8,2.5,0.1,0,0.2,1.4,69.6,,19.2,,,,,,,,,,
1/22/2018,22:00,45.9,24.6,2.2,0.1,0,0,1.6,69.8,,26.83,,,,,,,,,,
1/22/2018,23:00,70.8,24.1,0.9,0.1,0,0.6,1,73,,47.61,,,,,,,,,,
1/23/2018,0:00,57.4,23.4,0.9,0.2,0,0.2,1.3,77.9,,39.67,,,,,,,,,,
1/23/2018,1:00,55.7,22.7,0.3,0.3,0.1,0.9,0.5,81.2,,85.55,,,,,,,,,,
1/23/2018,2:00,57.9,22.7,1,,,0.5,,79.8,,40.81,,,,,,,,,,
1/23/2018,3:00,69.6,22.7,0.7,0.1,0,0.2,1.4,79.7,,67.64,,,,,,,,,,
1/23/2018,4:00,293.6,22,0.2,0.2,0,0.3,1.1,81.2,,82.25,,,,,,,,,,
1/23/2018,5:00,153.2,20.9,0.5,0.1,0.1,0.6,0.4,85.7,,56.96,,,,,,,,,,
1/23/2018,6:00,266.2,20.3,0.2,0.1,1.5,0.9,0.2,87.7,,83.22,,,,,,,,,,
1/23/2018,7:00,27.8,22.1,0.8,0.2,2.6,1.1,0.4,80.9,,63.73,,,,,,,,,,
1/23/2018,8:00,24.9,23.7,1.2,0.7,1.9,1.2,0.6,71.8,,29.32,,,,,,,,,,
1/23/2018,9:00,24.6,26.2,1.1,1.9,2,1.4,1,63.8,,49.4,,,,,,,,,,
1/23/2018,10:00,127.1,26.9,1.5,1.3,1,1.1,1.7,62.1,,53.54,,,,,,,,,,
1/23/2018,11:00,150.1,26,3.9,0.4,0.3,0.5,3,65.2,,15.49,,,,,,,,,,
1/23/2018,12:00,147.2,25.7,4.3,0.4,0,0.2,3.4,68.6,,13.24,,,,,,,,,,
1/23/2018,13:00,129.1,26.4,4.3,0.3,0,0.1,3.3,66.5,,18.79,,,,,,,,,,
1/23/2018,14:00,105.5,27.4,3.2,0.1,0.1,0.1,2.9,62.8,,19.64,,,,,,,,,,
1/23/2018,15:00,109.6,26.8,3.1,0.1,0.1,0.1,2.5,67.3,,28.48,,,,,,,,,,
1/23/2018,16:00,94.5,26.2,3.7,0.1,0.1,0.1,2.2,72.6,,23.88,,,,,,,,,,
1/23/2018,17:00,79.1,26.6,2.4,0.1,0.2,0.3,2.2,70.8,,29.41,,,,,,,,,,
1/23/2018,18:00,73.5,25.8,3.4,0,0.1,0.2,2,73.3,,21.32,,,,,,,,,,
1/23/2018,19:00,59,25.1,3.4,0,0.1,0.2,1.7,75.6,,19.3,,,,,,,,,,
1/23/2018,20:00,46.1,25.5,3.4,0.2,0.1,0.3,1.4,73,,20.34,,,,,,,,,,
1/23/2018,21:00,25.9,25.7,2.5,0.5,0.1,0.5,1.2,67.3,,21.64,,,,,,,,,,
1/23/2018,22:00,7.6,25.3,2.3,0.2,0,0.7,1.1,69.4,,21.8,,,,,,,,,,
1/23/2018,23:00,44.9,25,1,0.2,0,0.5,1.1,70.9,,48.47,,,,,,,,,,
1/24/2018,0:00,143.5,24,0.7,0.1,0,0.2,1.3,76.3,,40.64,,,,,,,,,,
1/24/2018,1:00,76.1,23.5,1.6,0,0,0,1.4,81.3,,23.96,,,,,,,,,,
1/24/2018,2:00,67.6,23.3,1.9,,,0,,81.7,,24.21,,,,,,,,,,
1/24/2018,3:00,118.5,22.7,0.7,0,0,0.1,1.3,82.8,,37.98,,,,,,,,,,
1/24/2018,4:00,146.4,22,1.3,0,0,0,1.2,85.7,,23.58,,,,,,,,,,
1/24/2018,5:00,112.6,21.9,0.6,0.1,0,0.3,0.9,85.6,,55.65,,,,,,,,,,
1/24/2018,6:00,186.6,21.4,0.5,0.1,0.3,0.6,0.5,87.9,,51.73,,,,,,,,,,
1/24/2018,7:00,166.1,23.2,0.2,0.1,1,0.7,0.5,82.1,,93.88,,,,,,,,,,
1/24/2018,8:00,54.3,25.1,0.7,0.5,2.6,1.1,0.5,72.1,,68.41,,,,,,,,,,
1/24/2018,9:00,58.5,25.7,1.8,0.2,0.9,0.6,1.2,68,,22.77,,,,,,,,,,
1/24/2018,10:00,74.8,26.7,1.5,0,0.2,0.2,2.1,64.7,,41.89,,,,,,,,,,
1/24/2018,11:00,95,27.5,2.8,0.1,0.2,0.1,2.1,64.1,,30.25,,,,,,,,,,
1/24/2018,12:00,77,28.8,3.3,0.1,0.3,0.2,1.8,59.2,,21.24,,,,,,,,,,
1/24/2018,13:00,84.9,28.9,4.2,0.1,0.2,0.2,2,58.1,,19.33,,,,,,,,,,
1/24/2018,14:00,77.8,28.8,4.7,0.1,0.2,0.2,2.5,58.9,,20.02,,,,,,,,,,
1/24/2018,15:00,74.7,28.3,4.5,0.1,0.3,0.2,2.1,61,,21.86,,,,,,,,,,
1/24/2018,16:00,76.5,27.6,4.7,0.1,0.2,0.2,2.1,62.7,,21.56,,,,,,,,,,
1/24/2018,17:00,80.2,26.7,4.2,0.1,0.2,0.2,1.8,65.3,,20.65,,,,,,,,,,
1/24/2018,18:00,75.1,25.8,3.6,0.1,0.1,0.2,1.3,67.9,,21.93,,,,,,,,,,
1/24/2018,19:00,71.8,25,3.3,0,0,0.2,1.3,73.3,,21.62,,,,,,,,,,
1/24/2018,20:00,75.6,24.4,2.8,0,0,0.1,1.2,78.1,,22.2,,,,,,,,,,
1/24/2018,21:00,79.2,24.1,2.5,0,0,0.1,1,80.6,,23.09,,,,,,,,,,
1/24/2018,22:00,66.1,24,2.6,0,0,0.1,0.9,81.6,,22.48,,,,,,,,,,
1/24/2018,23:00,59.5,24.3,2.7,0,0,0,1,78.7,,18.2,,,,,,,,,,
1/25/2018,0:00,53.1,24.2,2.3,0.1,0.1,0.1,0.9,76.1,,19.64,,,,,,,,,,
1/25/2018,1:00,51.3,24,1.6,0.1,0.1,0.1,0.9,74.3,,22.34,,,,,,,,,,
1/25/2018,2:00,52.8,23.7,2.1,,,0.1,,76.1,,19.64,,,,,,,,,,
1/25/2018,3:00,39.1,23.3,1.5,0.1,0.1,0.1,1.1,78.3,,36.14,,,,,,,,,,
1/25/2018,4:00,16.6,23.1,1.3,0.8,0.5,0.6,0.4,78.3,,27.51,,,,,,,,,,
1/25/2018,5:00,51.5,23,1.1,0.4,0.2,0.4,0.5,78.7,,31.66,,,,,,,,,,
1/25/2018,6:00,62.5,22.9,0.7,0.3,0.5,0.5,0.5,79.3,,40.52,,,,,,,,,,
1/25/2018,7:00,48.2,23.9,1.3,0.1,0.6,0.3,0.6,76,,26.85,,,,,,,,,,
1/25/2018,8:00,54.3,24.9,1.4,1,1.4,0.5,0.7,72.1,,28.49,,,,,,,,,,
1/25/2018,9:00,59.2,26.4,1.5,1,1.3,0.6,0.9,65.8,,36.43,,,,,,,,,,
1/25/2018,10:00,111.5,26.9,2.8,0.1,0.3,0.2,1.8,65.5,,15.88,,,,,,,,,,
1/25/2018,11:00,134.2,26.4,3.5,0,0.1,0,1.9,69.4,,21.5,,,,,,,,,,
1/25/2018,12:00,143.5,26.1,2.8,0.1,0.2,0,1.6,74.2,,29.15,,,,,,,,,,
1/25/2018,13:00,108.4,26.4,3.7,0.1,0.1,0,2.1,72.2,,16.84,,,,,,,,,,
1/25/2018,14:00,88.7,27.2,4.4,0,0.1,0,2.1,68.9,,21,,,,,,,,,,
1/25/2018,15:00,88.6,26.8,5.2,0.1,0.2,0.1,1.9,72.3,,20.99,,,,,,,,,,
1/25/2018,16:00,74.9,26.5,4.7,0.1,0.2,0.1,1.5,73.2,,21.6,,,,,,,,,,
1/25/2018,17:00,74.8,25.7,3.9,0,0.2,0.1,1.2,76.2,,22.34,,,,,,,,,,
1/25/2018,18:00,80.6,25.3,3.6,0.1,0.1,0.1,1.2,76,,21.14,,,,,,,,,,
1/25/2018,19:00,65.9,24.6,3.3,0.3,0.7,0.3,0.9,80,,21.78,,,,,,,,,,
1/25/2018,20:00,65.5,24.5,3,0.2,0.4,0.2,0.8,79.6,,22.13,,,,,,,,,,
1/25/2018,21:00,66,24.2,2.6,0,0.1,0.1,0.9,82,,20.04,,,,,,,,,,
1/25/2018,22:00,58.9,24,1.5,0,0.1,0.2,0.9,83,,26.39,,,,,,,,,,
1/25/2018,23:00,52.4,23.8,1.6,0.1,0.5,0.5,0.5,84.4,,27.53,,,,,,,,,,
1/26/2018,0:00,65,23.6,1.1,0.1,0.1,0.3,0.6,84.4,,25.23,,,,,,,,,,
1/26/2018,1:00,59.9,23.5,1,0.3,0.7,0.3,0.6,84.9,,35.26,,,,,,,,,,
1/26/2018,2:00,151.5,23,0.6,,,0.2,,86.4,,33.95,,,,,,,,,,
1/26/2018,3:00,155.2,22.7,0.8,0.2,0,0.1,1,88,,27.82,,,,,,,,,,
1/26/2018,4:00,60.5,22.9,0.7,0.1,0,0.2,0.7,87.9,,58.57,,,,,,,,,,
1/26/2018,5:00,101.5,22.9,0.4,0.1,0,0.2,0.6,88.2,,75.39,,,,,,,,,,
1/26/2018,6:00,64.4,23.1,0.9,0.2,0.6,0.4,0.3,87.7,,40.57,,,,,,,,,,
1/26/2018,7:00,32,23.3,1,0.2,0.2,0.2,0.6,87.3,,34.47,,,,,,,,,,
1/26/2018,8:00,348.3,24.4,0.9,0.5,0.6,0.4,0.5,82.1,,37.95,,,,,,,,,,
1/26/2018,9:00,147.5,24.4,1.6,0.2,0.4,0.4,0.6,82.2,,55.74,,,,,,,,,,
1/26/2018,10:00,149,24.3,1.9,0.1,0.3,0.2,0.8,84,,17.79,,,,,,,,,,
1/26/2018,11:00,144.4,25.6,2.7,0.6,0.2,0.1,1.5,77.6,,14.87,,,,,,,,,,
1/26/2018,12:00,143.3,26,3.3,0.7,0.1,0.2,2.1,74.7,,15.1,,,,,,,,,,
1/26/2018,13:00,149.6,26.3,3.3,0.2,0,0,2.2,75,,16.23,,,,,,,,,,
1/26/2018,14:00,106.3,26.6,3.6,0.1,0.1,0,1.6,75.1,,18.87,,,,,,,,,,
1/26/2018,15:00,93.3,27.2,4.5,0.1,0.1,0,1.8,72.8,,18.03,,,,,,,,,,
1/26/2018,16:00,87.8,26.8,5.6,0.1,0.1,-0.1,1.5,76.4,,18.72,,,,,,,,,,
1/26/2018,17:00,80.4,26.1,4.2,0.1,0.2,0.1,1.2,79.8,,23.24,,,,,,,,,,
1/26/2018,18:00,81.9,25.4,3.3,0.1,0,0,1,82.2,,22.56,,,,,,,,,,
1/26/2018,19:00,81.4,25,2.9,0,0,0,1.2,83.3,,20.85,,,,,,,,,,
1/26/2018,20:00,81.3,24.7,2.8,0,0,0.1,1.1,84.2,,22.11,,,,,,,,,,
1/26/2018,21:00,74.3,24.1,2.4,0,0,0,1.2,87.1,,23.59,,,,,,,,,,
1/26/2018,22:00,60.7,23.8,1.8,0.2,0.3,0.2,1.7,87.6,,24.34,,,,,,,,,,
1/26/2018,23:00,59.7,23.8,1.7,0.7,0.8,0.6,0.3,87.7,,21.84,,,,,,,,,,
1/27/2018,0:00,80.9,23.5,1.1,0.4,0.7,0.4,0.5,88.7,,39.38,,,,,,,,,,
1/27/2018,1:00,59.2,23.4,1.9,0.1,0,0,0.9,89.8,,21.37,,,,,,,,,,
1/27/2018,2:00,52.7,23.1,1.1,,,0.1,,90.8,,39.47,,,,,,,,,,
1/27/2018,3:00,76.9,22.7,1.4,0.2,0.7,0.3,0.8,91.8,,29.45,,,,,,,,,,
1/27/2018,4:00,88.2,23,1.2,0,0,0,0.8,91.9,,29.26,,,,,,,,,,
1/27/2018,5:00,121.6,23.4,1.2,0,0,0,0.8,90.6,,22.29,,,,,,,,,,
1/27/2018,6:00,76,23.6,0.9,0.1,0.1,0.1,0.7,89.1,,40.01,,,,,,,,,,
1/27/2018,7:00,73.6,24.4,1.7,0.1,0.3,0.2,0.8,84.7,,23.23,,,,,,,,,,
1/27/2018,8:00,60.4,25.8,1.4,0,0.1,0,1.3,76.9,,31.6,,,,,,,,,,
1/27/2018,9:00,86.6,26.8,1.8,0,0.1,0,1.7,71.9,,35.8,,,,,,,,,,
1/27/2018,10:00,113,26.7,3.2,0,0.1,0,1.9,72.6,,15.53,,,,,,,,,,
1/27/2018,11:00,108.3,27.3,3.8,0,0.1,0,2,69.5,,19.06,,,,,,,,,,
1/27/2018,12:00,106.8,27.2,4.1,0,0.1,0,1.9,70.4,,15.46,,,,,,,,,,
1/27/2018,13:00,103.2,27.4,4.9,0.1,0.1,0,1.7,70.9,,17.62,,,,,,,,,,
1/27/2018,14:00,97.2,27.5,5.9,0,0,-0.1,1.7,70.6,,17.61,,,,,,,,,,
1/27/2018,15:00,98.3,27,5.7,0.1,0.1,0,1.3,72.8,,18.29,,,,,,,,,,
1/27/2018,16:00,90.6,27.3,5.7,0,0.1,0,1.5,75,,20.08,,,,,,,,,,
1/27/2018,17:00,86,26.6,5.6,0,0.1,-0.1,1.2,77.8,,20.01,,,,,,,,,,
1/27/2018,18:00,85.8,25.7,4.5,0,0.2,0,1,78.9,,21.46,,,,,,,,,,
1/27/2018,19:00,70.8,24.9,3.4,0,0.1,0,0.8,81,,23.48,,,,,,,,,,
1/27/2018,20:00,67.7,24.9,3.2,0,0.2,0.1,0.6,81.9,,20.58,,,,,,,,,,
1/27/2018,21:00,71.2,24.8,3.2,0.1,0.8,0.1,0.5,81.6,,20.24,,,,,,,,,,
1/27/2018,22:00,72.8,24.3,2.9,0,0,0,0.7,83.5,,23.23,,,,,,,,,,
1/27/2018,23:00,73.3,24.1,3.1,0,0,-0.1,0.7,84.8,,22.15,,,,,,,,,,
1/28/2018,0:00,61.9,24,2.7,0,0,0,0.6,86.2,,21.55,,,,,,,,,,
1/28/2018,1:00,64.7,24,1.8,0,0,-0.1,0.6,85.5,,23.23,,,,,,,,,,
1/28/2018,2:00,71.1,24.2,2.7,,,0,,83.1,,22.12,,,,,,,,,,
1/28/2018,3:00,77.5,24.1,2.5,0,0,0,1.2,84.2,,22.65,,,,,,,,,,
1/28/2018,4:00,68.9,23.7,2.4,0,0,-0.1,0.9,86,,24.28,,,,,,,,,,
1/28/2018,5:00,77.6,23.3,2.5,0.1,0.1,0,0.7,88.3,,22.87,,,,,,,,,,
1/28/2018,6:00,75.6,23.2,2.4,0.2,0.2,0.1,0.7,88.7,,22.97,,,,,,,,,,
1/28/2018,7:00,69.7,23.5,2.4,1,2.5,0.6,0.3,85.9,,22.65,,,,,,,,,,
1/28/2018,8:00,61.7,24.7,2.4,0.2,0.5,0.1,0.7,80.1,,22.23,,,,,,,,,,
1/28/2018,9:00,74.5,25.5,3,0,0.2,0,0.9,76.3,,22.01,,,,,,,,,,
1/28/2018,10:00,82.4,26,3.6,0.1,0.2,0,1.1,74.5,,21.6,,,,,,,,,,
1/28/2018,11:00,87.9,26.1,4.3,0,0.1,0,1.3,73.5,,21.67,,,,,,,,,,
1/28/2018,12:00,78.6,26.6,5,0,0.1,0,1.3,71.4,,20.53,,,,,,,,,,
1/28/2018,13:00,90.6,26.4,5.4,0.1,0.2,0,1.5,72,,20.42,,,,,,,,,,
1/28/2018,14:00,96.2,26.5,5.4,0,0.1,-0.1,1.8,69.7,,19.73,,,,,,,,,,
1/28/2018,15:00,90.7,26,5.5,0,0.1,0,1.7,70.9,,18.24,,,,,,,,,,
1/28/2018,16:00,86.5,26.1,5.2,0,0.1,-0.1,1.7,71.4,,20.37,,,,,,,,,,
1/28/2018,17:00,87.2,25.6,4.6,0.1,0.1,0,1.7,72,,20.37,,,,,,,,,,
1/28/2018,18:00,90.7,25.5,3.8,0,0.1,0,1.7,71.8,,21.03,,,,,,,,,,
1/28/2018,19:00,88,24.6,3.8,0.1,0.1,0.1,1.6,75.4,,20.32,,,,,,,,,,
1/28/2018,20:00,76.6,24,2.7,0,0,0.1,1.6,77.7,,23.13,,,,,,,,,,
1/28/2018,21:00,79.6,23.8,2.3,0.1,0,0.1,1.6,77.5,,22.86,,,,,,,,,,
1/28/2018,22:00,75,23.5,2,0.2,0.3,0.4,1.2,79.6,,22.6,,,,,,,,,,
1/28/2018,23:00,84.8,23.1,1.7,0.2,0.4,0.5,1.2,82.7,,22.9,,,,,,,,,,
1/29/2018,0:00,88.2,22.9,1.3,0.1,0,0,1.7,84,,22.35,,,,,,,,,,
1/29/2018,1:00,86.8,22.8,1.6,0,0,-0.1,1.9,85.2,,25.01,,,,,,,,,,
1/29/2018,2:00,78.5,22.9,1.5,,,,,83.7,,27.8,,,,,,,,,,
1/29/2018,3:00,126.6,22.3,0.6,0.1,0,0.4,1.5,85.5,,41.45,,,,,,,,,,
1/29/2018,4:00,138.3,21.9,0.9,0.1,0,0.2,1.3,88.4,,27.19,,,,,,,,,,
1/29/2018,5:00,133.9,22.1,1.2,0,0,0.1,1.5,88.7,,12.86,,,,,,,,,,
1/29/2018,6:00,116.4,22.3,1,0,0,0.3,1.5,89.1,,22.58,,,,,,,,,,
1/29/2018,7:00,64.1,24.1,1.6,0.2,0.5,0.7,1.2,81,,26.41,,,,,,,,,,
1/29/2018,8:00,106.5,25.1,1.9,0.2,0.4,0.4,1.5,74.6,,31.19,,,,,,,,,,
1/29/2018,9:00,128.6,25.6,2.4,0.1,0.2,0.1,1.9,72.6,,30.56,,,,,,,,,,
1/29/2018,10:00,139.3,25.9,3.3,0.1,0.1,0,2.1,70.9,,17.95,,,,,,,,,,
1/29/2018,11:00,125.2,26.3,4.7,0.1,0.1,0,2.2,69,,14.05,,,,,,,,,,
1/29/2018,12:00,103.4,26.8,4.5,0.1,0.1,0,2.1,67.5,,18.03,,,,,,,,,,
1/29/2018,13:00,105.8,27,5,0,0.1,0,2,65.9,,16.67,,,,,,,,,,
1/29/2018,14:00,99.6,27,5,0.1,0.1,0,2.4,66.7,,17.5,,,,,,,,,,
1/29/2018,15:00,95.1,26.9,4.7,0.1,0.1,0.1,2.1,66.3,,18.72,,,,,,,,,,
1/29/2018,16:00,83,26.3,5.3,0.1,0.1,0.1,2.1,68.7,,19.9,,,,,,,,,,
1/29/2018,17:00,77.1,26.2,4.3,0.1,0.2,0.1,1.7,68.4,,21.92,,,,,,,,,,
1/29/2018,18:00,82.5,25.6,4.4,0.1,0.1,0.1,1.7,71.4,,20.67,,,,,,,,,,
1/29/2018,19:00,82.4,24.6,3.8,0.1,0.1,0.2,1.7,77.3,,22.49,,,,,,,,,,
1/29/2018,20:00,74.3,23.9,2.9,0.1,0,0.2,1.5,79.5,,23.02,,,,,,,,,,
1/29/2018,21:00,63.1,23.6,2.5,0.3,0.5,0.5,1.2,80,,22.29,,,,,,,,,,
1/29/2018,22:00,57.8,23.4,2.3,0.1,0,0,1.7,81.1,,18.87,,,,,,,,,,
1/29/2018,23:00,71.3,23.1,1.8,0,0,0.1,1.5,83,,22.1,,,,,,,,,,
1/30/2018,0:00,57.6,23,1.7,0.1,0.2,0.4,1.2,83.3,,23.61,,,,,,,,,,
1/30/2018,1:00,58.9,22.8,1.1,0,0,0.1,1.5,84.3,,28.5,,,,,,,,,,
1/30/2018,2:00,72.9,22.5,1,,,0.2,,85.3,,26.86,,,,,,,,,,
1/30/2018,3:00,51.3,22.5,1,0.1,0,0.3,1.4,84.4,,25.24,,,,,,,,,,
1/30/2018,4:00,156,21.7,0.2,0,0,0.1,1.3,86.8,,81.88,,,,,,,,,,
1/30/2018,5:00,99.2,21.3,0.8,0.2,0.4,0.8,0.5,88.7,,35.32,,,,,,,,,,
1/30/2018,6:00,121.5,21,0.5,0.2,1.7,1.2,0.1,89.4,,60.4,,,,,,,,,,
1/30/2018,7:00,53,23.3,1.2,0.1,0.4,0.5,1,79.7,,33.79,,,,,,,,,,
1/30/2018,8:00,47,24.1,2,0.4,0.9,0.4,1.3,75.1,,17.17,,,,,,,,,,
1/30/2018,9:00,49.1,25.2,2,0.2,0.9,0.6,1.3,69.1,,22.4,,,,,,,,,,
1/30/2018,10:00,83,26.7,2.2,0.1,0.2,0.2,2.1,61.3,,32.56,,,,,,,,,,
1/30/2018,11:00,109.8,26.8,3.8,0.1,0.1,0,2.3,64.5,,16.77,,,,,,,,,,
1/30/2018,12:00,104.4,26.5,5,0.1,0.1,0,2.1,66.2,,15.61,,,,,,,,,,
1/30/2018,13:00,101.1,26.9,4.3,0.1,0.1,0,1.9,65.5,,21.69,,,,,,,,,,
1/30/2018,14:00,87.4,27,5.4,0.1,0.2,0.1,1.7,63.9,,18.4,,,,,,,,,,
1/30/2018,15:00,71.1,26.9,5,0,0.3,0.2,1.7,64.9,,20.74,,,,,,,,,,
1/30/2018,16:00,68.1,26.4,5.2,0.1,0.3,0.2,2,69.1,,18.58,,,,,,,,,,
1/30/2018,17:00,73.4,25.7,5,0.1,0.2,0.1,1.7,71.5,,19.57,,,,,,,,,,
1/30/2018,18:00,67.6,25.3,3.7,0.1,0.2,0.1,1.3,70.5,,21.24,,,,,,,,,,
1/30/2018,19:00,63.6,24.9,3.2,0,0.1,0.1,1.3,73.7,,19.58,,,,,,,,,,
1/30/2018,20:00,54,24.3,2.5,0.3,0.6,0.7,0.7,77.7,,20.97,,,,,,,,,,
1/30/2018,21:00,62.9,24,2.9,0.2,0.2,0.3,0.9,78.8,,17.26,,,,,,,,,,
1/30/2018,22:00,103.4,24,1.4,0.2,0.1,0.2,0.9,78.3,,43.76,,,,,,,,,,
1/30/2018,23:00,149.9,23.2,2.5,0.1,0,0,1.1,85.5,,15.27,,,,,,,,,,
1/31/2018,0:00,162.1,23,2.2,0.1,0,0.1,1,88.6,,20.36,,,,,,,,,,
1/31/2018,1:00,172.7,23.3,2.4,0.1,0,0,1.1,88.9,,22.52,,,,,,,,,,
1/31/2018,2:00,196.7,22.8,3.3,,,0,,88.1,,26.87,,,,,,,,,,
1/31/2018,3:00,200.7,21.9,3.4,0,0,-0.1,2.2,86.7,,27.79,,,,,,,,,,
1/31/2018,4:00,199.2,21,4.2,0,0,-0.1,2.1,89.2,,24.48,,,,,,,,,,
1/31/2018,5:00,201.3,20.2,3.9,0,0,-0.1,2,92.2,,25.65,,,,,,,,,,
1/31/2018,6:00,200.4,19.8,4.1,0,0,-0.1,1.9,91.9,,25.32,,,,,,,,,,
1/31/2018,7:00,199.7,19.4,4,0,0,0,1.8,90.5,,26.1,,,,,,,,,,
1/31/2018,8:00,196.5,19.9,4.2,0,0.1,0.1,1.8,86.5,,24.95,,,,,,,,,,
1/31/2018,9:00,193.8,19.9,4.1,0,0.1,0,1.8,86.2,,25.27,,,,,,,,,,
1/31/2018,10:00,199.2,20.6,4.2,0,0,0,1.8,77.3,,25.57,,,,,,,,,,
1/31/2018,11:00,196.3,21.2,4,0,0,0,1.8,73,,25.25,,,,,,,,,,
1/31/2018,12:00,196.1,19.9,4.2,0,0,0,1.8,82.8,,25.4,,,,,,,,,,
1/31/2018,13:00,196.6,19.8,4.3,0,0,0,1.8,79.6,,24.83,,,,,,,,,,
1/31/2018,14:00,194.4,20.2,4.6,0,0,0,1.9,72.2,,23.55,,,,,,,,,,
1/31/2018,15:00,194.6,20.3,4.3,0,0.1,0.1,2,71,,25.09,,,,,,,,,,
1/31/2018,16:00,190.4,20.8,4.2,0,0.1,0.1,2,66.6,,22.92,,,,,,,,,,
1/31/2018,17:00,186.8,20.9,4.1,0,0.1,0.2,2,62.7,,21.86,,,,,,,,,,
1/31/2018,18:00,184,20.8,4.4,0,0,0.1,2,62.3,,21.07,,,,,,,,,,
1/31/2018,19:00,180,20.8,4.3,0,0,0,2.1,60.6,,22.86,,,,,,,,,,
1/31/2018,20:00,175,20.6,4.1,0,0,0,2.3,58.7,,23.42,,,,,,,,,,
1/31/2018,21:00,175.8,20.8,4,0,0,0,2.3,56.8,,21.65,,,,,,,,,,
1/31/2018,22:00,172.3,20.7,4,0,0,0,2.2,59.8,,22.75,,,,,,,,,,
1/31/2018,23:00,176.2,20.6,3.7,0,0,-0.1,2.3,60.4,,22.17,,,,,,,,,,
1/31/2018,0:00,174.2,20.1,3.9,0,0,-0.1,2.4,61.8,,21.65,,,,,,,,,,
