X,Y,HeatLongA,HeatLatA,HeatLongPlusLat,HeatLongMinusLat,HeatOutlierLg1,HeatOutlierSm1,HeatOutlierLg2,HeatOutlierSm2,HeatQuad1,HeatQuad2,HeatQuad3,HeatQuad4,OrientationTrend
0,0,0.022575831,0.024945425,41.32257145,30.54731738,3.486870619,7.487465451,10.17186851,16.75929834,19.34641258,11.45548966,10.38089927,8.803804791,56.0446099
1,0,2.172229017,0.064992318,40.11890277,30.87175994,0.182410009,5.478260373,14.99346198,19.90803392,19.09959677,10.07020704,9.879967165,9.056412435,70.45664571
2,0,4.165416438,0.130676659,39.41362501,31.72386243,2.294235002,6.315450315,3.496825008,10.46907758,17.08596599,11.70783398,8.857502462,8.367599985,75.41707655
3,0,6.013749208,0.01260492,38.18148655,31.67480133,0.257360241,9.920144954,7.304267547,13.03254195,18.15190518,11.9273924,10.29227521,9.024860293,62.69508676
4,0,8.204437823,0.245949792,37.126847,32.17047633,3.210164678,9.20831278,9.410698346,19.07093555,19.59844843,12.24233202,10.18968055,7.482899285,11.17900729
5,0,10.22429225,0.15329225,36.4681666,32.63841482,0.594175967,5.963919661,13.60502224,16.45177451,17.89336551,11.39811496,9.67161581,7.529213947,33.67052575
6,0,12.05849408,0.106798226,35.16557126,33.38128549,0.898061834,5.200555626,9.595975245,15.46657034,17.49354511,10.59844991,10.13919056,8.33400104,28.58659439
7,0,14.0673534,0.067383407,34.39749554,34.01003674,2.212981228,6.487310824,8.916618765,13.31034431,17.029218,12.59963825,10.8151016,7.457664743,49.7481246
8,0,16.18009962,0.195835161,33.18861938,34.60896168,1.972014321,5.741662,5.12464024,10.94009976,17.02556296,11.47363533,9.538574623,8.548285244,56.93326437
9,0,18.21638899,0.049661274,32.15561652,34.59453983,1.418841396,6.081467013,13.19014268,14.59415924,18.79250893,10.49182009,9.775214025,9.683993986,46.15110434
10,0,20.08899955,0.213810845,31.19132378,35.74951822,2.654636534,9.426864354,6.964664118,13.59704082,18.63029159,11.75223445,10.4043206,8.524055789,22.43977176
11,0,22.21403628,0.125195025,30.21353887,36.089776,4.025129505,7.286406397,9.096543929,10.95873554,3.418458047,5.254886102,15.83711832,5.973287021,68.07506671
12,0,24.11308863,0.022832465,29.07260828,36.65514516,0.319773634,8.821752452,11.94143097,17.2046189,4.760531805,6.946424763,16.08609404,5.234224443,16.56471203
13,0,26.238452,0.084312793,28.10518972,36.7070805,1.214237249,6.019453627,11.50477335,19.05238893,3.429877147,7.954829743,17.62776804,6.076519805,65.76208848
14,0,28.02735573,0.203902185,27.01986663,37.54962874,3.35280479,8.980615773,0.997144945,19.41965358,4.110147036,6.280393901,17.09940715,6.255191495,18.45299618
15,0,30.11000758,0.028415731,26.07331293,37.9403716,0.114046628,5.47273682,11.79279157,17.95322412,4.927048123,7.191407579,15.50694781,4.243862437,61.01534454
16,0,32.15702232,0.224910839,25.06262562,38.24941713,1.360614849,8.986373071,5.82787215,15.47026445,4.236665659,6.217485956,15.23087204,6.450095427,32.06501117
17,0,34.22604386,0.243137613,24.33658435,38.7375942,1.867804432,6.478538874,3.683412167,15.41267155,3.722798946,6.243175282,17.08896486,4.020677772,37.53323886
18,0,36.22719494,0.244743337,23.45878428,39.08304849,3.886851504,9.553453963,14.41804706,15.35507717,4.747913297,5.948336205,15.45759615,5.754265846,77.85870324
19,0,38.15334659,0.050130489,22.31066082,40.23330648,4.237524626,8.685301625,2.586990504,14.26538197,3.064210899,5.921431687,17.74206383,5.257689366,31.58612079
20,0,40.21994859,0.04527665,21.08433941,40.33482802,1.167189509,8.715029084,0.09837835,14.6288465,4.258544986,6.434355093,15.74284618,4.56119434,13.39482981
0,1,0.120608385,4.236345951,40.4726351,30.15834696,0.246022552,6.308680352,7.789728797,17.01026566,18.40602177,11.21196481,10.20813667,8.853369248,52.06519314
1,1,2.237813869,4.066430669,39.42290343,30.7042814,1.617982772,7.735151233,12.01293362,10.23168618,17.93123605,10.96000819,8.091358379,8.655506249,57.30168177
2,1,4.007425347,4.217135567,38.16178921,31.17856244,0.042938462,9.384963196,3.798197075,15.96173738,17.68813179,12.69650257,10.82898053,7.138836864,42.88814834
3,1,6.051750695,4.056740036,37.31883748,31.44366578,0.334654442,6.678274934,9.799993857,17.2379119,17.55638287,12.29324648,9.791536199,8.254668474,17.3317892
4,1,8.01858634,4.106536808,36.28784345,31.67596649,1.273376883,7.186070444,2.564359458,10.83291985,17.74524334,12.40213977,8.65713103,8.683611687,23.73264256
5,1,10.03072858,4.205903424,35.05734288,32.30255261,4.833848373,7.868711024,0.937879042,14.57204568,19.95598301,11.63110732,9.229327592,9.027749794,71.31744741
6,1,12.19087895,4.130219306,34.32095073,32.7634258,1.09412521,5.015300347,11.41830845,10.62665109,19.35532841,12.97674419,9.213865062,9.364065709,31.39898448
7,1,14.05646526,4.09467409,33.30757158,33.210304,4.893092005,9.564489864,9.484751879,15.02105614,17.22885528,11.92728244,9.46604669,8.356103811,21.007584
8,1,16.16249908,4.162791666,32.3335193,33.91295081,2.97352952,5.334430669,10.43630248,10.81012927,17.32512683,10.77224166,8.816303693,8.702941651,53.18007356
9,1,18.08783726,4.238916831,31.00644215,34.59892526,4.447336718,9.979136382,12.92440646,14.00910444,19.14561663,12.27331365,9.781475233,7.409211335,42.16943463
10,1,20.14063666,4.085762214,30.03377204,34.7667775,2.792431673,8.548214112,9.215138252,11.45613524,18.82471414,12.01467775,9.191405721,7.593016926,74.52269771
11,1,22.04422772,4.055411261,29.02610073,35.48562806,2.650224014,6.390540675,6.869712239,13.92145014,4.721034876,7.710021557,16.11806521,4.217890715,18.37254356
12,1,24.21543154,4.024808519,28.39633283,35.80290925,2.892329493,8.324739529,2.762006731,19.3609396,5.584925363,5.89001591,17.86897567,5.926206675,55.32305942
13,1,26.23888387,4.041553558,27.03372525,36.3318764,0.276020189,6.585992582,4.534659001,16.59155394,4.319354385,7.757972895,17.60910711,4.450015778,59.7264616
14,1,28.14583558,4.226989353,26.33065541,36.79981499,0.230680358,7.267794239,1.643254743,16.24889996,4.956505122,5.369969087,15.60235918,6.294086841,54.8903449
15,1,30.05031071,4.053570918,25.14893466,37.38481552,1.823605382,6.017057993,50,11.64571509,3.767822793,6.342722978,17.98511167,4.529617456,31.70421158
16,1,32.06412318,4.10907522,24.18179032,37.59648194,3.731440147,7.812211391,6.514190106,13.01419728,5.476665189,6.013101742,16.62572132,5.392768211,51.14264051
17,1,34.15212785,4.014903533,23.26606245,38.5567224,1.618606231,6.633795557,7.310603778,19.05413369,4.37899003,6.246650645,15.65976082,6.698294732,35.64361935
18,1,36.17792386,4.248654472,22.11261789,38.56118083,3.43853021,5.99007103,9.318014569,16.75374005,5.926520666,7.046868005,16.24296173,5.268090815,57.02352493
19,1,38.15481221,4.031059742,21.379523,39.17030696,1.671700154,5.269956685,12.73365621,13.10158566,5.521214483,6.612369799,15.77529,4.395432365,41.41651632
20,1,40.13125566,4.000113912,20.29775024,39.68400217,2.370689106,7.066243835,5.207398273,18.86085706,4.597210196,5.384347648,15.6959694,6.676629284,19.68478321
0,2,0.103567594,8.226409104,39.29577701,29.7120937,1.257108102,9.078948083,4.217201723,15.83189303,18.58788286,12.38556005,8.262531563,8.688327447,47.27598993
1,2,2.142501292,8.219526336,38.16635877,30.1919945,1.608943678,7.248193781,5.28627106,16.66463812,19.80968369,12.33415547,9.791787591,8.095830181,56.57958242
2,2,4.080878987,8.235687913,37.19421006,30.11487739,0.042393159,6.452825616,8.240126904,15.54668886,18.05174849,10.21401625,9.485925765,9.09763172,59.51478159
3,2,6.143093138,8.150501953,36.16884946,31.1570906,4.36405188,7.999158949,6.751960997,16.03703467,17.65478774,12.75401836,8.249433401,8.374789585,21.57030422
4,2,8.021657265,8.022184526,35.19495568,31.13870169,2.505627985,9.245226297,7.950179873,15.02018473,17.10341884,11.58568392,8.079176165,9.42177761,48.74189463
5,2,10.13993015,8.02460479,34.22174577,31.82127726,2.356731876,9.348982845,5.339394433,19.0790663,17.98549761,12.14387286,10.97066151,7.680992231,70.84114996
6,2,12.09952076,8.246201872,33.4599047,32.09770039,1.337034567,9.006595517,6.631084489,14.13586604,17.97113474,10.60834232,10.49827193,8.523346181,44.41090932
7,2,14.01981739,8.003875008,32.02615658,32.83077516,1.673595463,9.888453142,7.645583402,16.43141744,19.9803181,11.86223705,8.476617545,8.030338482,46.46136806
8,2,16.13797363,8.107233987,31.28234015,33.34575989,0.870085145,7.453889338,4.575246431,13.86529168,19.61086481,12.41275765,9.809008952,9.734406358,46.24178732
9,2,18.20064606,8.072581518,30.01084682,34.11575924,1.734565817,8.308081512,12.95199071,19.62963293,17.7175726,10.64047445,8.915601418,8.602814092,77.21409552
10,2,20.17169705,8.158569182,29.22288987,34.71991265,4.847405676,9.233840801,14.04422064,12.89930645,17.61207494,11.98535306,10.14464805,8.608502801,40.07367885
11,2,22.07674373,8.144502322,28.29295291,35.00157778,4.31633097,6.189651966,6.90544995,14.9701132,5.487543402,6.392097082,17.40792387,5.924096658,49.0574367
12,2,24.0355238,8.003796584,27.27078096,35.07255025,3.266468561,8.364626851,0.886582951,11.90883194,5.525938725,7.509940426,17.44733441,6.923341034,16.8094527
13,2,26.14082316,8.123163397,26.39024062,35.93847656,4.648262885,6.845532936,13.84160191,14.97123414,4.510198146,5.148532112,16.18102707,5.290204197,30.41786258
14,2,28.02968168,8.239589392,25.08365606,36.49942805,4.998680594,8.629999802,13.68729634,19.75930212,4.880501985,7.291769031,16.7646912,6.319904439,67.29594567
15,2,30.05267464,8.229511889,24.44016638,37.20333625,0.600328782,7.156673742,9.368693982,16.53638851,3.133467071,5.475323889,15.10848288,4.218481861,49.78923132
16,2,32.07479997,8.216150229,23.39967326,37.39694433,2.896172276,5.615649409,11.13808413,11.39397129,5.763745801,7.398794611,16.1435791,5.023399982,63.08250128
17,2,34.00275718,8.142841514,22.24668121,38.14673077,2.267978509,6.414815635,8.023194511,10.38625885,3.651380573,6.310787813,15.838682,6.045714734,64.81344192
18,2,36.05899004,8.207225594,21.14851827,38.50726355,1.515569826,7.269363568,7.028367603,14.12722583,4.680307997,5.379913626,17.21459947,6.099436105,76.66393851
19,2,38.21239898,8.194142797,20.14883134,39.11822293,3.396092407,9.959419706,0.030325612,12.03472772,5.225664188,7.64286318,16.47292164,5.213136546,39.57196419
20,2,40.10173385,8.119561364,19.36410114,39.4813368,0.393494553,9.313485091,5.762828766,14.81289006,4.546792908,6.968966542,17.02362706,6.376759583,39.64668443
0,3,0.131247515,12.04630652,38.41906264,29.11343981,1.272479815,8.339522385,12.52769983,15.01821418,17.59486975,11.18920976,9.635968661,7.210793577,63.11580101
1,3,2.016823211,12.05321376,37.34094882,29.13252413,4.780032344,5.774757299,2.340318988,16.40695582,18.70162075,12.72310123,9.898811225,8.00902363,60.7362198
2,3,4.042156911,12.12389909,36.01336908,29.58274473,0.699570544,6.520818552,10.90460131,13.9412675,17.00334842,10.95302256,8.54026306,9.071996721,76.2955863
3,3,6.07241012,12.0618779,35.44050321,30.48415671,0.096107573,5.362310807,2.393069417,12.54765779,18.61198886,10.43829947,8.928229285,7.082495393,57.44742737
4,3,8.169290098,12.11477799,34.35085924,30.99018052,1.090523918,7.881505104,13.34166254,18.16262438,18.54852109,12.48391797,9.532638372,7.919057801,21.28442043
5,3,10.22254098,12.20013673,33.44764516,31.05952886,2.982555976,8.064590241,7.255160974,14.84125516,19.77283182,10.59494126,9.401536106,8.029569011,77.74985501
6,3,12.21143532,12.08083785,32.07071277,31.8894368,0.726799431,6.258259794,12.66019601,13.02810222,18.76709989,12.86206751,8.8118418,8.212356425,57.37240194
7,3,14.1696483,12.14490372,31.16054384,32.06577955,1.631899212,7.135120785,13.90405848,17.13233046,17.41799558,11.31139421,9.555702156,8.041499081,53.10103357
8,3,16.19643986,12.23164191,30.41710851,32.58140467,1.188968942,5.923597695,0.781400482,17.75761578,19.56109268,12.22139461,9.804787907,7.628680012,37.61170908
9,3,18.06945523,12.12623724,29.42783648,33.30285059,2.290197422,8.691832605,12.66839552,14.0074237,19.17675566,11.91260661,10.95384858,9.337926108,75.071992
10,3,20.04949994,12.02261018,28.12965521,34.17983335,4.046952823,8.224407853,9.827693428,11.10078974,19.90096518,12.33673493,10.39794087,8.384931094,17.06196012
11,3,22.08225933,12.11777106,27.09661533,34.26233996,3.861366879,8.946387859,14.3013583,18.02632526,4.67698232,6.125740748,17.48141416,4.169380954,22.76075574
12,3,24.00860646,12.23679047,26.13983621,35.1866379,0.003198271,8.558154306,10.26878347,14.87753476,5.495639218,7.43591398,16.89987114,4.124432832,54.36165103
13,3,26.23697403,12.13409564,25.21236825,35.05087277,4.886834797,8.190672192,5.760590816,10.00825212,5.18014367,7.311432311,17.10108804,5.645568081,34.16467608
14,3,28.17829001,12.06469496,24.12620911,35.58402264,4.849857983,8.300059543,7.583445236,11.32881691,4.712462925,6.205458238,15.19211988,4.210941566,29.66924705
15,3,30.24924414,12.24856094,23.37410206,36.2061627,3.712225676,5.796341014,9.487511909,17.68849635,3.144025299,7.597498674,15.90830706,6.680241011,67.42623586
16,3,32.22959967,12.04877704,22.30879091,36.88359116,2.945106938,6.883378996,3.310882697,15.88538935,4.272580322,5.808259527,15.88382424,5.585570758,39.52385024
17,3,34.2109035,12.00534495,21.45304849,37.31016608,4.415226657,8.571577679,10.80935461,13.1667077,5.638456519,5.103069286,16.07508087,5.965552036,33.79733397
18,3,36.21938313,12.24383696,20.36903704,37.80389479,0.454958087,9.60202547,14.61502631,15.22730612,4.561572343,6.98957333,16.45034558,5.107186595,69.95303188
19,3,38.1379718,12.20649844,19.27437246,38.74804103,3.3627137,5.087344558,0.508013189,17.46188921,3.088830348,7.528897086,15.24734039,4.911796309,32.68469401
20,3,40.18899775,12.05999558,18.11780264,38.71259613,2.115399011,5.460991907,4.308471067,10.67376738,4.07501937,7.7568025,17.61774613,4.244388155,40.55552528
0,4,0.005736183,16.09065941,37.42250314,28.60821974,2.541268812,9.924761938,0.053151598,16.57235915,17.10689695,11.54377342,8.196445293,8.378823666,63.01765199
1,4,2.166137122,16.04522472,36.06751121,28.70688652,4.543210102,6.357356948,14.36206543,12.8738035,18.42755122,12.11649659,10.10498854,9.075232715,50.83191998
2,4,4.172841346,16.16719562,35.47327467,29.68063908,1.001482016,8.246843336,4.509951434,15.26266882,17.39881713,12.63674194,9.29224191,8.598249252,16.57077985
3,4,6.086328611,16.0775321,34.11778401,30.21901004,3.368671729,9.175373206,10.50416842,10.95124408,17.54882005,12.05629534,10.42427006,8.40595606,19.78295895
4,4,8.020016549,16.10506687,33.01130673,30.16198751,2.459485031,5.399888346,10.62226624,19.17898967,18.45192393,10.6221959,8.425636861,9.087986729,67.54138489
5,4,10.08663374,16.06529267,32.31719903,30.96086701,3.918812497,6.540698042,9.541443979,13.17719807,19.30436073,12.29250189,8.956127349,7.869338619,44.6424816
6,4,12.22395812,16.11021879,31.22693854,31.12951683,0.572604537,5.831106945,4.497039613,16.22097241,17.87398085,10.92452549,8.654229612,8.478057383,66.16398116
7,4,14.24136107,16.03579379,30.03998117,31.78464818,3.01114229,9.967364805,12.1942269,13.48719955,18.9627721,10.45528986,9.220723972,7.028916459,45.81320112
8,4,16.08504689,16.07167585,29.0094553,32.5599353,2.146931611,9.865270365,6.214852302,12.6915404,19.90820256,12.63731635,8.943755357,7.212992798,45.31611635
9,4,18.18449021,16.02137329,28.29457647,33.05831028,2.930723628,5.496182165,5.904108448,17.93017181,18.89789414,11.66885671,9.299649922,7.684141458,19.99738688
10,4,20.06232186,16.12702414,27.10228018,33.64387797,0.430932658,7.288878501,8.406914118,10.13220944,18.30931098,10.36775202,8.344506943,9.613569182,54.57698916
11,4,22.09050463,16.0617877,26.10901667,33.82852691,3.601972271,9.838187729,8.275250123,18.5791947,5.386342629,6.788195263,17.52463549,4.995630393,10.32435486
12,4,24.10788938,16.17472628,25.20411909,34.25786764,4.704084371,7.372890414,3.235400134,11.53859203,3.299427123,6.037850133,15.72909267,5.909741454,52.3913334
13,4,26.01693196,16.23367616,24.08596751,34.94154468,3.701179919,5.82752601,1.076587844,19.45201865,4.139000671,7.987540839,15.67303316,5.827788491,16.47746785
14,4,28.04885178,16.19662777,23.13927706,35.35877884,1.809084788,9.732653005,12.72312029,10.08940153,5.691962479,6.834392004,16.61335341,5.733481326,39.36573331
15,4,30.04443783,16.16063641,22.23395185,36.14859259,1.959716905,7.710456987,8.075362895,18.28819495,5.355365358,5.2378476,16.58328489,6.337426825,65.79984584
16,4,32.24658504,16.10066033,21.14215043,36.34465271,0.841890872,9.766195752,6.098677163,16.51197268,3.390225491,5.33407528,17.95386857,5.951282898,10.44137378
17,4,34.14940162,16.2356748,20.19294146,36.61692326,4.943469826,5.062109214,6.193223593,15.94387677,3.475748601,6.678663634,15.54436557,4.955849935,30.70059841
18,4,36.11096989,16.18457664,19.37043618,37.53449273,1.487807772,6.065466255,8.562435147,10.81614485,4.517368254,7.793786073,16.41582497,5.789277526,21.1490274
19,4,38.16947761,16.12257035,18.13499509,37.81340722,2.375778811,6.957756704,10.9745532,16.89546188,5.568298882,5.025276736,15.7313042,4.596335523,42.15117306
20,4,40.23462222,16.13235921,17.23968245,38.41494003,2.566133779,6.401476508,12.51074831,15.86459537,3.074783937,6.665476545,17.23927665,5.149091087,35.57106352
0,5,0.237181736,20.0751558,36.13407755,28.12950889,1.308211042,6.718911648,12.71267254,16.28189608,19.59592016,12.72029193,8.869544685,7.853251904,69.3996933
1,5,2.183660722,20.07529322,35.22393949,28.02484716,2.532765124,9.075655343,8.617992232,10.74879063,19.10239208,11.99990582,8.699261827,9.842950384,67.29260554
2,5,4.001196986,20.02147997,34.42171571,28.76054941,3.100442784,6.513884001,12.73549833,17.92476518,17.12068833,11.78619902,8.680355311,9.172519808,72.83237476
3,5,6.027425751,20.16662279,33.38494862,29.27390145,2.91940852,6.314321026,11.20105946,12.56502261,18.57688589,11.8313484,8.221865402,8.055995334,60.35157425
4,5,8.182980379,20.02824077,32.48616796,30.1983566,3.688112063,5.15940053,7.250099261,14.38814297,18.99875439,12.19081416,9.463213065,8.953671435,65.84699578
5,5,10.0401184,20.06799931,31.09792259,30.35012857,3.343937397,8.433986528,3.408441223,16.46285192,17.48180557,12.79986159,8.240811684,9.822749138,44.9875016
6,5,12.089906,20.17017605,30.16192451,30.51131217,2.986514081,8.737370239,12.6176384,12.95128402,19.60974367,10.59702032,9.67420262,8.340886825,60.70675701
7,5,14.1815186,20.02163794,29.1223228,31.3512317,1.4426242,8.103898471,6.868789666,18.98391313,18.8960794,12.23178108,8.099618425,8.71930801,62.69034727
8,5,16.08527305,20.13009048,28.38874203,31.82136644,1.383389372,6.531285093,9.394848997,10.56748089,19.39897189,12.26200527,8.469949224,8.637974072,37.38887667
9,5,18.07376705,20.17003905,27.0302504,32.18357442,2.358048895,9.385622124,10.82938537,13.55377922,19.94736656,10.72766093,10.03970493,8.642852188,50.19918318
10,5,20.04828804,20.04127481,26.16207487,32.88479692,2.790067183,5.887243414,3.860322614,14.10317127,18.11844835,11.23000833,10.44334202,9.29935738,50.1001237
11,5,22.05480098,20.17872771,25.13692187,33.32883177,1.238392991,8.081152934,12.8936855,19.54622007,3.521564067,5.767596381,17.81139646,4.12341069,63.32207385
12,5,24.05281557,20.10311555,24.23312218,34.16914402,3.067093376,8.126239734,1.705699277,14.63283961,4.076582278,7.018864897,16.64478889,5.496097858,42.71477662
13,5,26.16827991,20.16296432,23.02064354,34.67351124,0.943797446,5.88310608,4.912351317,19.40267961,5.140539182,7.433950028,17.9518391,6.707148126,32.24742683
14,5,28.07780975,20.18761346,22.10014012,34.82551085,0.839755207,6.62807209,5.628319282,19.74154937,3.507790659,5.071120094,16.96569368,4.967364372,62.02741382
15,5,30.00445063,20.04708488,21.1054849,35.65054409,4.75264518,6.323500034,12.24536073,16.01885709,4.310476838,7.867504065,17.58411669,6.694047792,73.17960738
16,5,32.01042946,20.20355404,20.19556246,35.97139085,4.120286089,8.330699879,3.510323456,15.64337066,4.148716367,5.223314518,15.49315997,4.412805193,33.63790774
17,5,34.24473147,20.14331608,19.40983828,36.06553478,1.461583348,5.633264147,2.923002214,11.97060356,5.144679742,7.145349438,15.99626658,4.89040255,52.95467565
18,5,36.16516246,20.23590334,18.39221775,36.69132017,1.415515775,9.711409994,3.975081485,12.35210123,5.286860588,7.697840862,17.15887532,5.205989631,38.78334046
19,5,38.16819661,20.14479323,17.09487386,37.22936966,4.027286384,7.813418341,13.62694976,13.16297443,3.852621992,6.777165396,15.42806165,4.19767537,79.24421466
20,5,40.07396827,20.07032355,16.46216472,37.63243773,1.03320713,8.213872847,11.89441865,15.50332488,4.550293583,5.069174192,16.39447827,5.288762658,54.43757959
0,6,0.051474456,24.08773733,35.1393688,27.59192482,1.509474893,8.504410368,7.984834989,18.46885145,19.44696658,10.60584235,10.00135203,9.076668739,17.11611284
1,6,2.206112638,24.0899083,34.26540103,27.62314973,0.298754243,6.958082187,2.309694335,14.36900932,18.13022561,10.72032512,8.877955251,8.809161844,15.78919662
2,6,4.159971766,24.16742178,33.28262548,28.08167873,4.892235982,5.85146325,0.136834686,10.62858492,18.18179829,10.47086787,10.68752924,7.866517354,53.19036459
3,6,6.210453629,24.06617913,32.47928603,28.66619086,1.580533435,8.210297797,1.683932125,10.5729751,17.38994375,11.33586217,8.663319045,7.260310409,55.09203923
4,6,8.238686042,24.21569615,31.37307349,29.40174262,3.330545784,6.834348761,6.046008447,12.18671142,18.80729983,11.45045539,9.734749255,9.040319,36.28939039
5,6,10.12407771,24.13936623,30.27927775,30.03300215,1.978954388,7.019827181,3.207780937,10.50040762,17.93118479,10.17668105,10.21079078,8.163199848,58.31011702
6,6,12.21946909,24.05254757,29.0134036,30.4099148,2.174963787,7.359910405,10.81823512,19.3614669,17.28355805,11.44007761,10.53072355,9.297185973,20.34923593
7,6,14.02751147,24.04633166,28.29756062,30.52298196,3.246285971,8.776906403,7.356298142,11.68441894,19.32128869,11.27042967,8.768683049,9.15496783,29.35050327
8,6,16.24828527,24.04050829,27.11425642,31.44199747,4.889705491,5.792916193,13.53357892,18.96850087,17.05071252,12.45546902,8.556600963,8.894090589,54.96268078
9,6,18.24350336,24.1889622,26.42879915,31.66063612,3.109372778,9.487863925,7.249695918,10.85056061,19.93411647,12.99783436,9.333957637,8.424052355,77.09162633
10,6,20.1512605,24.12470255,25.16104761,32.71062885,4.637400312,5.886447729,14.05439325,12.60783078,19.83240431,12.9161038,9.491528833,8.21552492,59.40778309
11,6,22.07531337,24.22018099,24.07279439,32.94910873,1.907851143,8.903207244,2.601985183,17.0046865,4.011479986,6.189597795,16.9821593,5.131689326,11.80276819
12,6,24.04458259,24.21599834,23.04212197,33.63169063,3.069618893,7.33441279,2.428383056,16.80176554,5.830156365,5.736258804,16.03309261,5.007498751,52.3102748
13,6,26.01524831,24.13437761,22.27182977,34.11734179,1.53021335,9.162225469,13.10287052,11.82958063,4.087207548,6.81991513,15.69624223,5.166482536,79.39902297
14,6,28.05247186,24.15636037,21.21536551,34.06650899,4.949727504,8.043841847,12.42299629,16.24772583,4.443198812,6.727855349,16.90459212,4.419287568,59.693192
15,6,30.0324515,24.23092896,20.13124257,34.50752795,2.501389317,5.394517937,4.974210665,12.39550973,3.39552979,6.7381342,15.12653589,4.613360709,50.74316874
16,6,32.07493097,24.16269695,19.28137964,35.54086845,0.896345373,6.472668762,0.150371633,12.16053092,3.420721116,5.370143666,15.76815707,5.526733837,39.16435373
17,6,34.13259427,24.2100107,18.02345982,36.15434379,0.691529255,8.480916117,14.72728003,14.07562056,4.902991913,5.09389745,16.56284209,5.454293909,75.01858163
18,6,36.13375201,24.23975965,17.2526091,36.226209,0.279991437,5.616664386,7.208944311,11.4037879,4.087466094,5.29951882,17.26587809,6.399015696,57.07854059
19,6,38.23411212,24.2294903,16.33072408,37.10430053,2.088087137,7.773319383,7.407974571,10.67395933,5.089057944,7.341012037,15.55350512,4.633646584,74.80928492
20,6,40.1454544,24.01142146,15.21797476,37.46643074,3.412515053,5.521222849,11.92885566,11.05399374,3.026177546,6.888422631,15.51546878,6.966330977,69.00465886
0,7,0.021420035,28.10895498,34.06176752,26.94980129,4.459218324,8.958148513,11.41216994,14.02088955,19.81190426,10.19372793,10.46124549,7.213867736,48.98841985
1,7,2.098533817,28.1727775,33.41410097,27.44158722,1.445320777,9.006643395,3.859611664,12.22504763,18.93449379,12.16506101,10.00722011,9.778306275,10.03377047
2,7,4.243661348,28.22764331,32.28255399,27.75764779,3.596469243,7.27265806,0.202824749,10.93233286,18.43524017,10.34667528,9.111938494,7.268383764,56.4187425
3,7,6.096785599,28.21577211,31.37694175,28.02876462,0.215695606,8.881496535,6.227986501,14.48289555,18.88603576,12.84929112,8.124714522,8.388568304,16.90591445
4,7,8.178483107,28.1957488,30.27634696,28.63362965,4.836917935,8.632546615,5.622418341,14.2819661,18.94364837,12.51516825,8.643972065,7.582511392,76.5319219
5,7,10.20534507,28.12374328,29.46551713,29.64232928,1.009894452,6.535881307,9.318510126,13.93257043,17.36202205,10.15993378,9.194711962,7.339123186,30.53807723
6,7,12.03667854,28.1284122,28.48424134,29.62156139,4.462273641,8.363814089,14.66967594,13.6017293,18.70318409,11.45208857,8.892638609,8.331437653,30.0564185
7,7,14.08475394,28.05474649,27.31991403,30.61533388,2.537512514,8.055946632,5.08807488,12.31934729,18.77068016,10.09617201,8.934095357,9.52848744,75.94009492
8,7,16.23065239,28.0705012,26.09215466,30.57557845,4.999196838,7.022618545,14.73639887,15.9173443,17.02339869,12.94078325,10.46321346,8.247061406,20.21847824
9,7,18.0668007,28.22950455,25.28578673,31.47146535,4.958513003,9.946534144,3.463492695,10.20114006,17.93542283,10.84025892,10.92999855,8.481411988,58.85074586
10,7,20.05614415,28.06841463,24.38866856,31.53457423,0.409366004,6.260032578,11.28652436,15.39875498,19.15085295,10.30778675,9.515405945,8.313807804,43.43117658
11,7,22.05258766,28.09321445,23.42807321,32.6416557,3.91965825,6.089955552,9.248865427,11.7651437,5.994341441,6.851567343,15.80629174,4.020959983,18.54991369
12,7,24.12722119,28.05939482,22.02490993,33.09436777,0.172373641,9.066990137,5.250403037,18.34924095,5.209385484,5.274279926,15.24602691,5.036312405,73.49596739
13,7,26.00017126,28.19901972,21.11180173,33.34532809,3.156060458,7.529836427,6.661175827,18.58993863,4.532645155,6.878939097,17.76872123,5.708234622,69.42705566
14,7,28.11914222,28.00098688,20.09736267,33.94424003,3.536562982,8.025660507,10.15649086,16.59748499,5.820219916,5.130341366,15.94956995,4.330848421,15.89379683
15,7,30.17535021,28.02112515,19.39040858,34.40170554,3.959954361,7.763183376,10.3831675,10.50963064,5.228177833,5.818611687,17.73045386,5.698650935,79.88049375
16,7,32.03314007,28.03454335,18.4563674,35.14134607,1.375990172,5.887342292,6.178815527,11.87329234,3.794674057,5.403278385,16.03322836,5.787299016,24.86733162
17,7,34.17857062,28.01324358,17.07615135,35.29399591,4.972740016,9.973071437,4.763439353,15.45826258,4.000306998,5.276258541,15.01262745,6.536310863,31.38128866
18,7,36.18891372,28.11834187,16.03558562,35.93830179,3.663886742,5.199561232,4.203720559,11.35577449,3.655665314,6.711846353,17.80694822,5.1847501,54.75372681
19,7,38.24720516,28.05592858,15.43557567,36.69726042,4.675883808,5.022819849,6.840382077,12.54034923,5.608145216,6.616804409,15.76512989,5.35398391,31.90759339
20,7,40.13285529,28.00671417,14.23835352,37.02154214,1.012490544,9.187272634,0.773049099,17.94297274,5.511529975,5.789178554,16.16955879,4.339939336,31.9653627
0,8,0.136718471,32.03214903,33.40011173,26.42119143,0.538507821,5.355235743,14.17193929,18.59400876,18.33401598,12.11971941,10.41466534,7.155899033,32.46131107
1,8,2.134005519,32.14473217,32.16963149,26.61452622,2.367799796,8.342503618,1.954121095,17.1193767,17.50228179,12.44309215,10.07061038,9.480601294,26.05855209
2,8,4.142474914,32.04301792,31.11210486,27.28930466,1.226609885,8.054850086,2.621638726,12.63136165,19.71123411,11.82314609,9.21427099,7.289963964,23.82888542
3,8,6.102906493,32.20838538,30.04936117,27.99714843,4.224310705,9.384304312,3.049353434,16.16073335,19.48802825,12.91957432,10.224438,7.895724001,44.08509333
4,8,8.149062683,32.18545412,29.49367514,28.32452498,3.005148874,5.863633305,1.946294331,17.27121544,18.93023822,10.26343673,9.993427995,7.047157461,62.22835779
5,8,10.20929725,32.24108672,28.2317039,28.55546037,2.948110618,6.466842582,6.46538605,13.21868314,18.57339089,12.34795303,9.851622605,8.315997218,22.97314725
6,8,12.18539651,32.02335787,27.48066799,29.56797408,0.224545263,7.496878097,8.295100025,14.78070867,19.08633155,12.45772914,9.978811868,8.820671709,76.77760213
7,8,14.03150142,32.10298771,26.33605996,30.18885875,1.828706787,6.327427533,8.008305823,15.65247607,17.65500485,10.28838306,9.846039591,8.258348219,46.32857116
8,8,16.23542143,32.02655659,25.085636,30.22454656,3.997365625,8.876667239,10.50086482,18.6569969,19.7436982,12.99883031,8.686688255,8.474535223,10.21715603
9,8,18.19325739,32.06693589,24.0830358,30.73592298,3.439750082,9.501892571,5.360580914,11.27481911,17.15747509,10.09347647,9.71514959,7.905462898,38.04562325
10,8,20.23302031,32.11189722,23.28461091,31.0503607,1.86889785,9.981350748,8.121130747,12.83089962,17.32326486,12.07145152,9.075505983,8.781555934,77.8080783
11,8,22.20964933,32.00785932,22.35000866,32.1176219,4.470823208,7.564552939,4.014635842,19.42455336,5.513428477,7.217343979,16.52070982,5.326228826,75.84143568
12,8,24.17581709,32.21588653,21.23062649,32.54090088,4.082166019,8.597476688,3.224282169,18.78059158,4.323213571,5.615864936,15.98065866,4.716907748,40.25971251
13,8,26.22584303,32.23589235,20.21653313,33.09145859,1.586789561,1,1.130245813,19.06411058,3.94352046,5.454510638,17.30654967,4.737067852,65.96276166
14,8,28.01014784,32.23444041,19.34647984,33.11671667,3.977834046,6.089010223,13.69543772,13.91783493,3.411797471,6.962814716,15.83003155,6.992532118,70.34514446
15,8,30.02734084,32.12487462,18.40862643,33.82347321,3.384088544,8.550458789,8.564666239,17.85589536,4.199154164,7.84953245,15.8888032,5.939491376,61.12677414
16,8,32.15216464,32.04092249,17.20724416,34.09182986,4.129836013,7.959646828,12.71323789,17.0041517,5.527995592,5.241581049,17.70242686,5.834229327,23.2499357
17,8,34.01899259,32.1737866,16.40940935,34.91260497,3.588692456,6.882141881,2.825604338,14.22140179,3.223056433,6.661518905,16.40624494,5.800111651,72.23530386
18,8,36.0724488,32.03571542,15.05641108,35.7412907,1.951237042,9.51487544,9.157803809,19.73641796,3.788493963,5.684872703,17.8662411,4.843923337,60.39426233
19,8,38.06757679,32.12274855,14.23679885,35.66963049,3.623784251,5.800814966,13.6823305,11.10377633,4.783644203,6.782936704,17.47771236,6.979680739,18.14044826
20,8,40.04615545,32.022966,13.41614736,36.4958976,0.898201688,8.21470794,3.616960043,17.90945383,5.623362958,6.60081802,15.60918755,4.270203495,50.38390829
0,9,0.144219337,36.04647877,32.15711597,25.93432964,4.862103134,6.607401053,12.65603621,19.51784363,18.00682595,10.70151833,8.922510493,9.079943988,23.29164615
1,9,2.019347714,36.15122521,31.4483248,26.45758501,3.023737108,8.944868824,11.49454779,13.09855063,18.79204615,10.2723536,9.293793496,9.46186298,26.6861164
2,9,4.070317342,36.07738179,30.46626605,26.80552853,2.46932289,9.034824736,8.014606545,16.34851784,17.39036951,10.61263375,9.971671204,9.448911533,11.62146956
3,9,6.02722244,36.12829647,29.31301092,27.32304131,2.761074468,9.280705119,11.10979158,10.35780193,18.10902075,10.26825475,9.015376465,9.389269104,39.19858597
4,9,8.168311733,36.16250721,28.02336067,27.68156898,3.218556294,6.630212832,4.67169483,10.11556384,18.01915192,10.2343645,10.71292497,9.054645886,36.40618311
5,9,10.01037149,36.10859562,27.27808027,28.35943158,4.847306396,6.613830669,12.85757699,18.24951137,18.08165558,10.80749355,8.855332103,8.230250741,34.33926631
6,9,12.09666883,36.21988904,26.43872448,28.86634494,1.451530187,8.351936811,14.12815331,13.57923719,19.32101714,12.26176059,9.653017749,9.963191045,72.47539324
7,9,14.0132726,36.03568716,25.22667324,29.6796689,3.09402431,8.964809099,8.744001335,14.61940358,17.03533917,10.63700417,9.899736363,9.036251994,59.15607949
8,9,16.21203848,36.1151727,24.44914618,29.69687965,4.840145232,8.990188593,5.582176105,12.89083242,19.02772186,10.18367089,9.657681703,9.365586806,75.72921816
9,9,18.02075144,36.21420804,23.30447454,30.72890814,0.346632902,6.890420953,2.781258386,13.39522742,19.91554708,10.41601795,8.903779621,9.682229622,60.57910574
10,9,20.02597123,36.2163733,22.44611665,31.14711793,3.625448003,9.096007346,7.709129168,12.14900012,19.25353451,12.99571688,9.04019922,9.308809528,10.16132317
11,9,22.02102157,36.00720935,21.40304257,31.60492354,4.67268342,6.794244043,0.913113049,14.98498854,4.294348778,7.724921219,16.73152875,4.609677337,25.20784462
12,9,24.11941904,36.15525739,20.13067907,31.88584486,3.053963606,7.089027942,7.512167446,10.88822748,3.131504635,5.352309542,17.26874,4.305557353,32.13450736
13,9,26.0570369,36.13007549,19.08930565,32.39638162,0.30031235,8.645256788,10.41702882,10.74846136,4.316464811,7.794653979,16.68327848,5.784970858,70.84627328
14,9,28.04716982,36.20323583,18.15919937,32.85737977,4.763973757,8.069844338,2.072665939,16.39023906,3.847527875,7.318415547,17.26412284,6.522883845,10.0550766
15,9,30.12498369,36.14953087,17.22211516,33.01137433,1.973635252,8.326298582,11.98418262,19.77459558,4.999187312,5.883699725,16.12470132,4.418449522,11.7475951
16,9,32.19371907,36.07587285,16.38443204,33.54875054,2.079523753,5.298630081,13.63535112,19.22066849,3.062654633,7.051446388,16.19619743,5.984466607,48.17002676
17,9,34.20104907,36.23694188,15.10908684,34.6982906,3.005377161,7.132893133,8.181297753,13.55507813,3.449971966,6.344865855,16.13735477,6.926766204,10.73497197
18,9,36.08988518,36.22675119,14.29124986,34.60589295,1.616314478,5.518283308,0.975123487,16.31792297,4.480571143,6.002493046,15.12129297,5.925539045,69.48083646
19,9,38.20172273,36.17552683,13.36992453,35.35594067,1.420146014,5.212255783,12.36446371,15.71899755,4.738028295,7.185081426,17.21236437,5.381599032,17.88584775
20,9,40.06575707,36.02345848,12.3525366,36.10225768,3.379911984,5.568669809,13.17143342,15.85336235,3.023671496,6.224713579,15.10735736,5.398524064,32.28969807
0,10,0.099852266,40.09086308,31.09904129,25.07236596,4.299441294,9.925089267,2.388754799,17.33317154,18.44841955,10.83817724,9.421793441,7.465458216,17.64518263
1,10,2.156380889,40.12233538,30.2357127,25.9216931,1.515195892,5.546439169,1.681433861,17.70852861,17.34623492,12.46432069,8.916978086,7.455193385,48.44816769
2,10,4.229338929,40.04469709,29.11386594,26.42494204,2.9740298,8.066497386,5.523455423,11.99057481,19.32629424,11.52121793,10.26979726,7.916329005,50.08897498
3,10,6.232034223,40.12371052,28.03390901,27.23036184,2.406548397,6.87195065,9.543067258,15.16573479,19.00007508,11.73015374,10.42142248,8.091453325,23.46126531
4,10,8.022572648,40.22252063,27.26258521,27.57790089,4.307433493,5.988988961,10.43998506,18.30749914,17.59339131,12.58239423,9.368720049,9.113313425,41.53472591
5,10,10.22329713,40.11929122,26.49053416,27.95498633,4.082418113,6.368828082,1.517040147,14.30524458,17.9135371,12.26725611,10.13870487,9.362663011,38.23386995
6,10,12.12624229,40.11839432,25.41328194,28.32783778,4.103943165,9.963347744,12.3144077,15.98389123,19.98045243,12.07730714,10.70474561,9.29186487,63.5988286
7,10,14.19241021,40.18725585,24.46119631,29.08976994,4.543465723,9.35790277,9.930113928,16.92113977,19.78427587,11.92531731,8.405471404,7.45482172,18.81042519
8,10,16.15663386,40.00380217,23.42831497,29.48380782,0.205671698,9.049407597,7.115102141,17.54103147,19.04331394,12.95798843,10.10739097,8.37289095,78.76836166
9,10,18.03131509,40.12236976,22.04147048,29.74436676,1.821339027,9.482263389,6.281935479,19.60428896,19.45230182,11.38805744,9.339243926,9.209849073,63.21917915
10,10,20.08938701,40.24428804,21.48382828,30.07316013,4.808899022,9.998902131,13.91716607,15.59358642,18.94107847,10.33813329,9.980042268,8.790481837,72.4075377
11,10,22.04524759,40.0209931,20.04733945,31.19808889,1.832388179,7.668079982,0.250955885,18.24876273,4.4191081,7.06587319,17.74192521,5.723569936,13.36585315
12,10,24.20880375,40.24221382,19.31702393,31.2109071,4.85511272,8.686400179,0.411775964,18.94254877,4.981114589,7.623776895,15.65298371,4.35408548,26.85936456
13,10,26.17020102,40.07782184,18.21875112,31.65941387,2.876348826,5.542944986,4.595200922,14.61737367,4.250419442,5.153229377,15.33451251,6.766127041,73.91416509
14,10,28.12335753,40.20196535,17.40471097,32.00934292,0.366602856,7.164872224,3.269514642,14.34020822,4.436492525,5.158527186,15.92633645,4.178327115,76.32401428
15,10,30.21236401,40.09432798,16.24322596,33.20859715,3.265892498,7.429670335,13.93193044,12.50522042,4.506674699,7.636946276,15.46064606,4.4317543,47.98943624
16,10,32.17164669,40.14771177,15.00049484,33.09747451,4.026873481,6.099590268,9.74155231,10.97890714,5.29935754,6.143894915,15.18200939,6.188443267,17.56617834
17,10,34.04198689,40.16083816,14.02158749,33.67979665,0.673204189,9.711346596,0.037263035,14.64596817,3.167587943,7.582300591,15.62282409,4.764090171,57.02153992
18,10,36.24287802,40.03684377,13.4575559,34.61550646,0.50648491,5.394792071,13.6556893,16.97051054,3.394814231,7.557539617,16.35503319,5.012549319,56.19282052
19,10,38.0807074,40.19985877,12.17571873,35.22393432,0.316584701,5.406302563,14.09133294,16.0568916,3.055670159,6.506913618,16.68936277,5.817365051,63.39839243
20,10,40.02649616,40.12978154,11.44016127,35.13270312,2.217647285,5.572245149,12.81497687,18.35635443,4.695433263,6.366865484,16.43018294,4.984267524,16.8012991
0,11,0.224498723,44.19862909,30.4444665,24.51187218,4.327964246,6.184276292,9.498306225,11.30082429,11.00083527,18.83678212,3.498892602,12.95973853,22.36343065
1,11,2.156228346,44.05238264,29.42204242,25.68234841,0.00108241,6.681634272,2.12000814,16.26005523,13.0343737,17.24819867,3.509251068,12.38347274,57.44874358
2,11,4.17877662,44.2374404,28.30398632,25.7765123,0.46922158,6.921042874,7.018314372,13.97806369,12.07176166,18.22188185,3.42591432,12.97450407,16.85219293
3,11,6.184080778,44.18479316,27.36997128,26.37883353,0.705879874,9.902823811,6.50778445,13.40150654,13.91174371,16.05290014,3.254562723,13.71547807,10.85803062
4,11,8.167577442,44.1301873,26.37627001,27.08658843,1.048310012,9.214037528,7.621570958,14.6283635,12.05352424,16.35855752,2.509392218,11.80409639,52.64373175
5,11,10.06281717,44.16096734,25.43923871,27.09230696,1.518341449,6.012689037,0.059212194,16.92721528,11.37115609,16.38470138,3.405628677,12.00953327,21.20613584
6,11,12.20631162,44.00724423,24.45851426,28.22087024,2.352765882,6.604367981,11.79037322,13.2074579,12.12182516,16.71430727,4.424954145,12.86110791,73.87187044
7,11,14.1693278,44.04783008,23.4253408,28.0321443,1.099757763,5.789453074,6.917349995,10.11564113,11.26956074,18.72322152,4.764787909,11.66048956,38.94753894
8,11,16.19889774,44.07793721,22.38473453,28.6347578,0.638719299,9.234011961,1.65089275,19.00432392,11.2966223,16.02434595,2.003774507,13.0204128,43.99844318
9,11,18.02353688,44.12648666,21.43892461,29.1299149,4.743748927,5.809241527,3.865508347,16.94559209,12.67876622,18.01582902,2.635242207,12.40457963,28.08107574
10,11,20.22511995,44.11577046,20.1410766,30.02790013,0.291421385,7.846850706,7.299046229,17.14613072,12.89649483,16.11661866,3.479725019,12.70118658,14.96950886
11,11,22.00945319,44.18736347,19.49422759,30.35867605,3.940227238,8.009470766,6.107748993,11.24018708,8.410988246,9.545175441,12.89433681,16.77854805,76.85830909
12,11,24.04874368,44.14413594,18.2944274,30.96947108,4.867058703,7.180157145,10.69621533,17.07087861,6.908238996,7.064673105,12.18879049,17.72488572,36.13514203
13,11,26.00508192,44.1511636,17.01631435,31.27433285,3.509963597,6.982857235,1.229241786,19.52285461,6.705143906,8.812606781,11.25789337,17.00985601,17.76901342
14,11,28.11279413,44.0453989,16.44420881,31.5145604,4.832837918,8.985734554,7.094909505,12.32378077,8.921813593,9.504456405,10.00976942,17.52261822,31.94109326
15,11,30.04148938,44.24760168,15.22813469,32.12643261,4.279877284,5.547762071,7.826496298,19.74903813,8.660146954,9.414414998,12.03415886,17.24681785,42.26639436
16,11,32.01638736,44.05978448,14.15110055,33.20886822,0.048687779,5.061405545,1.756879282,13.35977273,7.400020831,7.305263077,11.60009087,18.29459392,65.80895699
17,11,34.09061677,44.14303539,13.03546538,33.20975931,4.591512652,7.026679442,2.687809244,17.30091454,7.496233853,7.783759012,12.55169977,18.71324509,29.7705903
18,11,36.09425594,44.09247686,12.06190038,34.10709684,2.54815081,9.500449595,6.674345534,18.82906663,7.594622152,9.445859602,10.50805584,17.12751968,37.79821426
19,11,38.22145565,44.19035136,11.41144195,34.57250673,3.39413177,8.291156091,12.68878891,19.34383911,7.069673468,7.951371304,11.87714125,16.76328267,19.69322468
20,11,40.14581732,44.08407878,10.04748134,34.75568783,0.572240667,9.551643877,14.98698157,13.30193875,6.431865871,8.160061471,10.6454615,18.39788936,26.62652824
0,12,0.060137047,48.08757879,29.2582276,24.40193618,1.445433196,7.948092966,13.22959717,11.12356741,11.32982449,16.97138481,3.035531452,11.62439194,76.55702117
1,12,2.197277506,48.14441584,28.46443954,24.71486553,3.230482379,7.085692,1.425548803,10.01327764,12.03015507,16.66688642,4.860863657,13.9902547,64.60133832
2,12,4.023495264,48.01455846,27.0504897,25.6202188,4.533299888,6.396611337,13.76590426,18.62191638,13.02052845,16.16324142,3.289885395,11.50190148,26.52840502
3,12,6.168667814,48.0112044,26.20158762,26.22847546,2.141148761,7.860289684,4.580838895,13.35242882,11.35229317,17.97133619,4.468029139,11.70212495,24.75892779
4,12,8.112082214,48.16309392,25.23713902,26.40752412,0.972140927,9.001196962,1.56508625,16.40627338,13.47924167,18.40075017,3.055190526,12.83272413,26.69948942
5,12,10.02701096,48.1912095,24.4069562,27.1464119,2.163867888,9.859058544,9.402459375,18.5677932,11.03613624,16.14801912,4.916773003,11.57300888,22.18558392
6,12,12.09537937,48.24969457,23.12368167,27.67257446,2.741903457,9.21107382,4.773439006,14.4299183,13.44391803,17.18380678,4.453995972,11.50366782,52.68163202
7,12,14.01477028,48.20491038,22.30128033,27.79796443,4.547056825,7.721789147,12.19193129,19.46259782,13.22560488,17.86874646,3.403058303,11.09233128,15.20654509
8,12,16.00343165,48.13584131,21.1269845,28.25191376,3.373437638,8.663392815,9.780035609,12.35053043,13.29570444,18.12483658,4.098848466,12.01749632,21.46313176
9,12,18.02447533,48.02668845,20.12116095,29.16513183,2.21369626,8.274423761,4.991439747,14.44116096,12.27544007,18.98252724,2.872208332,13.84660112,25.08175636
10,12,20.09160672,48.03956715,19.31736702,29.10758318,4.014372054,7.565702412,8.308304081,12.69231754,13.26797866,16.58968383,2.401507298,12.20519508,32.01155013
11,12,22.01582616,48.05379619,18.09372405,30.20508421,3.03100325,9.68275367,5.02929608,16.6817056,8.52218944,8.632375874,11.83847779,16.04406514,25.01295609
12,12,24.1707363,48.21983873,17.25257602,30.64728188,4.883195617,7.605811879,2.5123584,12.49388604,6.755495183,9.40502206,10.36012698,18.00157954,51.30573701
13,12,26.16754597,48.1504661,16.47831864,30.55681052,4.889937124,9.269245617,7.673448053,15.52689242,6.633070399,8.047541887,11.85045899,17.55494651,76.2558843
14,12,28.20592656,48.1079859,15.36991973,31.69394255,2.332779256,6.761923787,14.29678765,19.09712483,6.410177035,8.994841142,10.58728506,17.04182006,11.60257047
15,12,30.18492022,48.05026841,14.34953146,31.67225625,0.90266748,5.700221923,9.453535687,17.11123058,8.121409993,7.815357838,12.29868216,18.21136984,72.41889505
16,12,32.14678283,48.00332681,13.36032798,32.6608342,1.869187277,7.017022682,11.57861994,14.76626767,6.386044733,9.615494181,11.0485233,16.60499037,24.89825187
17,12,34.01166744,48.23105248,12.0021033,32.79269235,4.682281641,6.413259965,2.478018462,10.92466288,6.327796268,8.45167533,12.82580466,17.94579863,68.08904503
18,12,36.05835352,48.08546597,11.17545141,33.38244534,3.652724415,7.416303114,8.24136764,11.44400546,6.785011488,8.672543586,11.03586419,16.40822249,45.18929111
19,12,38.20169579,48.05491998,10.12153138,34.09111658,1.835373908,6.902175687,5.279846399,17.91287947,8.35132536,9.6400614,11.32392371,18.98408551,65.15261091
20,12,40.14120161,48.08750668,9.291675662,34.01946328,2.699321592,9.40090835,10.0256326,16.24351109,7.103230675,7.685453866,11.90092182,17.93424084,54.88940683
0,13,0.248325892,52.23578453,28.00079639,23.59433814,2.564373435,5.250673866,8.805052611,16.13624604,11.89719916,16.746033,3.542471629,13.02224104,49.66106158
1,13,2.244726127,52.05649179,27.48088141,24.40355292,4.476961393,7.152903224,4.651909261,19.07013041,11.9775349,16.97656771,3.991900215,13.79848592,40.83463025
2,13,4.182998163,52.15083862,26.36586967,24.58953548,3.961500016,5.684987078,5.288291069,15.02698355,12.17208726,17.44501824,3.657569486,12.10617265,14.24538765
3,13,6.001172222,52.15546979,25.3808814,25.58175506,1.846782252,7.706705459,4.536137089,10.70921156,11.74910948,18.77300928,4.310593747,13.13648828,58.91817796
4,13,8.044793672,52.07297519,24.08629726,26.21452335,3.311017901,6.737175269,6.786011396,14.57459561,12.14256589,17.70170322,2.584453192,12.50013677,24.81281838
5,13,10.22471412,52.08550393,23.17210201,26.73372464,0.926390292,6.174918604,2.462735735,12.55095756,13.49648026,16.16137916,2.458523839,12.46152295,71.44645973
6,13,12.03206401,52.12449252,22.40101554,27.07748227,1.859690532,8.730048511,4.600481717,15.58221727,11.32166175,16.1185008,3.846789157,12.84472689,30.38309694
7,13,14.17175733,52.11990743,21.00516084,27.56712477,1.559556266,5.627590793,8.028743238,15.14799002,11.40089932,16.11803269,3.182614397,11.7302807,42.06889007
8,13,16.24658288,52.01339491,20.47403013,27.64547818,2.914362577,5.679676843,7.914233304,18.66693091,13.68026628,16.80451831,4.58604959,13.96035189,41.58224441
9,13,18.09684373,52.03722607,19.00128552,28.42153548,4.858294734,9.509359449,8.830548589,12.11854316,11.71968019,17.94415856,2.686492576,12.57502685,45.88050282
10,13,20.20077339,52.14581717,18.20418459,28.56921634,2.43719481,7.594435689,9.913206993,14.92401868,12.53008876,17.42724367,4.619850927,13.4942361,18.78782769
11,13,22.05874872,52.16278802,17.3161399,29.16294737,3.898753839,6.490502518,2.346606819,12.98047749,6.686504052,9.9966186,12.90435915,17.85515973,75.47460566
12,13,24.07206245,52.0799833,16.18062383,29.87561903,0.181969244,5.898875955,13.43181067,13.32354758,8.161752256,8.91264581,11.99336036,17.72741123,30.58673222
13,13,26.14448301,52.00157862,15.46934378,30.21799286,3.68595116,5.077024307,7.219320247,12.20583526,6.036633085,8.307348061,11.34571347,17.58469477,63.99912098
14,13,28.14574542,52.12627713,14.12298219,31.08733222,1.440237483,9.288310029,2.951138107,12.88711111,8.535562913,9.552552149,10.556118,16.00974516,30.11218659
15,13,30.04248793,52.13556391,13.43597774,31.64002107,4.656779742,5.668059562,14.72242527,17.85271691,6.149732972,8.242230212,12.61981883,18.49493495,26.60891366
16,13,32.15561084,52.07131733,12.05408053,32.23586916,1.339740123,7.434973753,5.209962776,12.91284293,6.210063309,9.476138285,12.82990018,18.04688159,74.80214195
17,13,34.12452067,52.06517276,11.10627324,32.69808919,3.498880949,7.263881028,1.016077797,12.67154605,8.530022742,7.641275305,12.1485364,18.28550277,26.69197752
18,13,36.23772006,52.19774029,10.33427863,32.58858725,4.465813472,5.852139436,13.57854864,19.3267811,6.691756272,8.38639832,10.21578357,16.494411,71.06200576
19,13,38.20663544,52.23879989,9.333302916,33.67923196,0.685516891,6.55896062,8.56365301,19.45533912,8.55004912,8.225798324,12.88168286,18.24099744,52.54799507
20,13,40.01895179,52.13775589,8.447189131,34.16263751,0.772669296,7.467599681,13.54102598,17.6229497,7.781567242,7.841367851,11.07638664,17.2534604,54.57313316
0,14,0.059953466,56.19427064,27.44358641,23.09156288,2.327306002,5.16090161,8.891265784,10.21076371,12.15104079,17.12730742,3.512856924,13.27282752,48.41827266
1,14,2.000244512,56.14337992,26.18504455,24.08970972,3.804741092,8.534248073,8.007574542,18.12737569,12.611446,18.28305387,3.081953889,11.14464891,35.29089817
2,14,4.030490363,56.16464826,25.35443,24.36626967,2.473625943,5.023022137,6.601456754,10.31312135,11.12626246,18.40514594,4.060100347,13.38223227,67.37358926
3,14,6.121663092,56.22412493,24.47799032,25.14762506,3.39541738,9.351153899,11.34821013,11.44665377,12.81430094,18.14048206,4.959581829,11.6391782,74.96267949
4,14,8.158953237,56.18209739,23.25715615,25.49888434,4.168914883,8.01730234,10.71052663,10.2959453,11.34689417,18.71398379,2.788176238,11.45743182,26.80306859
5,14,10.13048888,56.07214009,22.23711643,25.62182433,3.643734999,5.808064928,13.11659835,10.22525816,12.46832877,18.82560434,3.932700806,11.20005432,71.74286387
6,14,12.18931801,56.13427201,21.02666471,26.14131865,3.305046044,7.348502964,9.707155217,16.0456529,13.52320694,16.85143365,4.646863961,12.50945958,14.04079595
7,14,14.0553595,56.19527098,20.21264168,26.52794023,0.587547348,9.753343323,8.705826951,17.58745296,11.77044883,16.81644224,4.601818651,13.93978042,58.97115015
8,14,16.24365462,56.13295758,19.09810048,27.207617,2.694162924,7.5785253,14.30835784,18.44591219,12.33680262,16.75820212,3.351429458,12.3114764,40.27304455
9,14,18.00733863,56.07562598,18.27542092,28.16855347,1.80841246,7.714722848,9.498074896,13.2334641,12.08740029,18.38531034,4.112631989,13.40722979,29.10082591
10,14,20.15255924,56.08395158,17.14474195,28.56944928,2.230405417,8.78600047,0.837113898,14.71325353,12.05250927,16.75395511,2.212924596,11.34274537,63.223755
11,14,22.00477625,56.0658461,16.49895009,28.92487848,0.639605514,7.168697543,13.93984174,14.58116616,7.04967767,9.685801922,11.47309544,16.1008427,53.58763422
12,14,24.11613775,56.06559742,15.24952608,29.20159164,2.693275662,5.337911012,12.43263957,10.62843622,6.367331948,8.353871838,10.0456023,16.06254605,25.58144261
13,14,26.06349679,56.00626104,14.08287544,29.56395023,4.837746949,7.891125265,8.945058036,16.05928583,8.572444319,9.620905615,10.4095071,18.20527662,43.664875
14,14,28.22771526,56.18128496,13.45510909,30.42428744,0.784818846,8.477730616,5.289096045,11.52153505,7.300136875,9.882105249,10.63410101,17.00867058,45.7089849
15,14,30.08675498,56.05286536,12.00978414,31.20472588,4.997951437,9.242379036,1.546735764,16.66214945,8.578552361,9.591413715,11.40603233,16.37300047,31.68630168
16,14,32.04072533,56.02922602,11.15209923,31.35984362,2.772087888,5.093631443,1.200091454,14.0089959,7.51974726,9.913670683,12.6502607,18.22354399,35.76090178
17,14,34.02922693,56.09261811,10.28603712,31.64949291,0.189998793,7.438806689,9.922952534,19.63283915,6.961093997,9.937025875,11.85785195,17.84282469,63.0559603
18,14,36.13569217,56.06678272,9.140316402,32.40231619,3.052303553,5.881653763,4.596720725,12.99890494,7.614580929,7.869692726,10.47643894,16.0905949,49.79780182
19,14,38.11334409,56.01545076,8.192501124,32.7473329,3.356376785,9.046742036,8.409164912,19.48767498,6.302601646,7.797270402,10.80551132,17.63648495,55.80185361
20,14,40.21857357,56.17957776,7.152343816,33.26816834,1.316460898,8.533135274,2.056668976,16.12106739,7.330284079,8.445190392,12.17218049,18.45321826,67.57055779
0,15,0.117382604,60.20565661,26.00359192,23.22148781,3.555697781,8.676534051,1.761479361,18.51462131,12.76846905,16.74483703,2.504273021,12.94739176,35.79753195
1,15,2.087793913,60.01383938,25.22317491,23.31889208,4.791831746,6.124566116,2.167838563,18.53701197,12.87234634,17.62799046,4.626239307,13.08687978,48.21577377
2,15,4.164466291,60.11091424,24.25993481,23.62606627,0.080302591,7.413023288,14.65200615,12.80453179,13.46635842,16.80380207,2.105427418,12.19327764,74.27012112
3,15,6.188724888,60.03511544,23.46449408,24.69775864,4.909265653,5.976342389,13.10771505,19.25705334,11.04394818,18.51862998,3.01348611,13.99410108,47.21576146
4,15,8.078023537,60.04563191,22.49781228,24.68338668,3.310286987,7.794481488,4.31633188,15.67903251,11.39524092,16.64591386,2.956818682,12.85050703,59.83560521
5,15,10.09094761,60.02606076,21.2155004,25.13990753,1.271278099,9.007070595,13.90873598,16.00103337,12.64023151,17.54415429,2.059256282,12.12624266,32.88247319
6,15,12.23816547,60.00292594,20.49465185,25.72116474,4.330957493,5.48173464,8.083695093,18.90238632,11.9826035,17.02597034,2.470970284,12.80963533,57.77313302
7,15,14.07379084,60.06314348,19.09935113,26.15067148,3.508529045,6.590244018,9.873447123,13.68731869,12.05560051,16.13653138,4.188005574,11.75653417,43.34057201
8,15,16.13182566,60.06047399,18.17539707,26.84481195,2.411319086,8.487167351,6.470914841,18.39198809,11.94683343,16.37824128,3.736523693,12.74363479,64.19567348
9,15,18.02638869,60.11763857,17.23572387,27.39214901,2.991788585,8.211470061,8.481922227,12.08628844,11.47387448,18.7948732,2.912121437,12.57829766,29.95151782
10,15,20.07902497,60.22727932,16.26397373,27.78230066,4.560834188,8.705480393,11.08761251,15.53277205,13.57394982,17.91882139,2.292369367,13.87082835,42.09036417
11,15,22.19557387,60.03156692,15.32795329,28.45658565,1.46706684,9.126023643,5.391729238,16.66563966,7.419600192,9.460009066,10.34732107,17.05762694,30.72459478
12,15,24.21611165,60.02016411,14.47429372,28.5741902,4.074502635,6.959637369,5.35289806,12.19760132,8.885551957,9.275625239,10.94284618,17.29837238,11.17371729
13,15,26.13672039,60.00268227,13.49569088,29.63281156,0.487432775,7.306860247,9.883144561,19.68385572,6.699167962,7.379589883,10.70559488,18.04428128,71.67994982
14,15,28.15132644,60.07538224,12.43294518,29.55248295,1.498940731,6.276623919,2.821905095,17.98766006,8.103273077,8.54998539,11.53066032,18.81349363,31.86393265
15,15,30.15846745,60.18200988,11.12762893,30.50310947,1.341680044,6.608952099,6.977128435,15.012698,8.278830658,8.040476537,11.41690089,17.62205314,50.80247732
16,15,32.11026235,60.0157506,10.49942958,30.79343063,2.477199111,5.02881732,12.51509719,14.08322792,8.667769415,9.883858192,10.36926577,18.72294648,77.72043261
17,15,34.11040394,60.03764714,9.147356412,31.07571937,0.429079007,7.432070881,14.08550846,15.03579291,6.032427045,7.683773067,11.83816937,16.1879943,31.0411989
18,15,36.08699708,60.24466868,8.373915061,31.53279253,2.701972387,5.498149602,11.4234591,18.66993188,6.817949466,9.621540559,10.99763263,16.4370025,19.13125975
19,15,38.07874216,60.21463807,7.170401722,32.66809926,1.867558917,7.182321595,5.83666357,13.4577076,8.012740998,8.981742166,10.10130728,17.67716161,30.29646772
20,15,40.09533433,60.1357085,6.229027794,33.12429404,4.721270533,6.641107774,14.47628184,19.18562759,8.259591329,7.550643768,10.12023808,18.30788603,26.97602379
0,16,0.161790435,64.18177529,25.06996645,22.25798783,3.419123376,6.333331664,11.65443597,15.95034559,12.72192505,17.71912337,2.820904711,13.49868086,57.28023117
1,16,2.166760506,64.18322531,24.48393813,23.19216811,3.787812589,8.013701192,2.176779247,15.16350437,12.34562769,18.81068149,4.745195864,11.92714825,59.99509251
2,16,4.111987906,64.06592981,23.20447287,23.61558767,2.078267092,6.482587705,2.558577138,13.27599972,11.20820382,17.89141351,2.254189924,12.62054389,50.35900459
3,16,6.069136693,64.22389639,22.31613143,23.5579341,4.156195656,6.407599828,3.366867288,17.30121606,12.75631105,17.51552932,2.789086433,13.50321981,19.27890149
4,16,8.117965418,64.17288703,21.03422689,24.25453592,2.90583415,8.448283408,5.302845781,11.72686466,13.36741853,17.71639923,4.717260155,13.82423444,68.95676825
5,16,10.02724266,64.16327611,20.15711997,24.84760238,0.468746046,9.955955297,3.599122401,12.39829625,12.94840647,18.96181544,2.190873287,13.45726043,14.42225911
6,16,12.10387112,64.04087155,19.12439878,25.22100075,0.559267527,7.204177033,8.020391387,15.96452225,12.55064323,17.16425738,3.205894587,11.7038854,29.46892747
7,16,14.17615876,64.06217312,18.00241513,25.67844983,4.104626847,6.670173256,6.70429298,16.11818767,12.79068519,18.20266991,4.139488649,13.15536247,44.56343117
8,16,16.02728975,64.01414817,17.25581355,26.56996277,20,8.183595806,5.273116697,12.41089431,13.58437559,18.03343471,4.113337768,11.4001746,32.29364202
9,16,18.04553691,64.15368016,16.44187936,26.57589333,3.94658227,8.254873644,2.834861155,11.56128258,13.45649124,16.35174632,4.656968131,12.29206051,43.34483999
10,16,20.13562862,64.15036597,15.07688688,27.708772,4.027578878,7.381836903,6.383956189,11.51723772,11.95686758,16.04667995,2.57582911,13.69225598,53.27415804
11,16,22.07465742,64.23456025,14.17015458,27.76420427,2.675161973,7.580673115,10.23639513,16.67489823,8.49208759,9.777281294,11.35641898,18.57292267,26.82761663
12,16,24.23202598,64.11813713,13.47108266,28.5708606,3.945133949,8.86754442,11.09954857,1,8.328516303,8.729168978,11.21850002,17.39453136,38.32128102
13,16,26.09524215,64.03049344,12.28828491,29.01301156,3.956618672,7.914669979,13.61898631,14.44056268,6.08336656,7.266088584,10.61031453,17.61553611,73.90932139
14,16,28.02876685,64.22869384,11.28546181,29.58479982,3.733426281,6.979343217,0.515437256,16.2251337,7.938811222,9.861605998,10.38590063,16.8111968,26.231678
15,16,30.15202857,64.03079423,10.21160283,29.96368313,4.808593803,9.325887903,13.01943705,19.76258657,7.209008535,8.550392705,10.90647612,18.26440122,28.30000945
16,16,32.06876269,64.24648231,9.134773847,30.61741567,3.171663206,8.14149039,11.6177087,17.71862437,7.865322533,8.50434114,10.15271005,16.00379365,29.61975776
17,16,34.10235022,64.23371861,8.48756834,30.52182118,1.772896385,7.836478134,12.03168579,19.65987814,7.153081301,8.771911084,11.76459876,16.45571739,32.33087319
18,16,36.05320426,64.17729843,7.083993316,31.66067607,0.006280321,9.872641125,12.20558375,10.35830893,7.633144592,8.747358697,12.42976863,17.7832493,74.75202152
19,16,38.14166041,64.17547476,6.393253391,31.69037361,3.375648203,9.206979905,8.43796911,19.43482633,8.111936867,7.310211656,12.92233352,16.09562433,57.25771626
20,16,40.21512868,64.0791766,5.225393525,32.7469969,1.931025419,8.962468143,5.581652448,11.55205193,8.126862745,9.576896591,11.44989449,17.73521137,26.56326994
0,17,0.153511462,68.23949336,24.12865222,22.23595907,3.15720819,5.036973934,12.05304733,11.11907293,12.74049323,16.64046323,3.17715687,11.21185907,52.3239203
1,17,2.145082892,68.11418386,23.01028296,22.51067873,3.697753848,8.568697016,2.41806166,19.23651331,12.82121137,16.12516949,2.044927434,11.42011768,65.3503145
2,17,4.062747969,68.12224499,22.01697307,23.0521225,4.104705731,6.761709642,5.805226641,16.14941286,13.70273912,16.53672334,3.816417841,13.060725,13.90797361
3,17,6.189162344,68.17514963,21.14425816,23.18284056,1.700491721,8.032285662,13.42722457,10.4502402,12.23223942,17.14632575,2.191990441,12.43929299,26.48215838
4,17,8.031997139,68.24477139,20.42309614,23.92288194,3.43765886,8.174350164,11.52455332,14.61622821,12.3718397,16.28345849,2.165584125,12.62658595,49.65930132
5,17,10.08847543,68.15494749,19.1016392,24.66951319,0.518335763,6.245862578,5.071064633,16.14735901,13.74823605,16.17331191,4.114306922,11.83100827,44.97881006
6,17,12.05926351,68.05318891,18.44728458,24.94751457,3.296976071,6.632661288,2.004006551,16.63973402,11.57393014,18.56842101,3.349565804,11.72411427,13.24994792
7,17,14.06372804,68.18038106,17.24819363,25.35480192,3.084069253,8.242524948,13.07775212,10.29588024,13.2879267,18.49439344,3.627482222,13.48528096,70.85149473
8,17,16.03748582,68.19403676,16.18226953,26.01152287,3.190811737,8.782979476,11.59838424,12.09033469,11.29701408,18.93146025,4.45442406,12.54083965,24.03976637
9,17,18.05434823,68.08900054,15.26640697,26.52629923,0.066691589,6.287645729,11.75320329,19.57014786,13.3028791,18.95289905,4.346610795,13.39621953,41.501224
10,17,20.17674493,68.04190248,14.21394291,26.84492072,4.019746136,8.308572369,10.90013056,18.21133487,12.95079561,18.60407584,3.472525272,13.00556028,42.96250398
11,17,22.19699904,68.07734357,13.1736096,27.54816622,1.970887048,7.98940401,10.89618101,11.83478171,8.379039379,8.059785072,11.70609359,16.51104796,58.27891588
12,17,24.0624607,68.03164429,12.37554379,27.81357175,3.112125296,7.606346295,2.215399472,10.70318537,6.799743414,8.260704556,10.75101638,16.00036508,70.72715038
13,17,26.16558441,68.14250553,11.02476609,28.04772498,4.038942676,7.976943217,10.44542739,19.16716878,8.923609183,7.161663344,10.76553917,17.75042916,48.44954635
14,17,28.06932374,68.14171708,10.45553105,28.52361845,0.84561134,7.21740616,11.19882978,17.31562312,8.588115918,9.94055988,10.74513632,18.98715874,49.89423711
15,17,30.23642502,68.24875386,9.360708824,29.68290759,1.654703068,9.659042132,12.57697438,12.05941992,8.366321043,7.469825878,11.97906315,16.25189541,51.67934581
16,17,32.12606878,68.17413861,8.211480307,29.76094837,0.405121029,7.844914762,1.433497914,12.23285384,8.263294604,7.823617901,10.66086942,18.47858649,41.98625444
17,17,34.08176349,68.21305957,7.319290608,30.59897337,2.814864389,8.167902976,9.544474909,18.47954848,6.443829541,8.42722964,12.52800139,17.88680853,71.96686735
18,17,36.18954603,68.07688241,6.096839758,30.52149001,4.876975832,5.745744692,4.451571557,14.98605541,8.394911962,8.937021646,11.68188416,16.49490469,24.45026162
19,17,38.15406245,68.01029401,5.421367946,31.49318787,3.009685143,5.707991862,4.476682214,12.75486225,7.831015224,7.535219335,10.38771427,18.05652241,17.14893383
20,17,40.15982541,68.13775714,4.39852057,32.07676867,3.838404918,7.349711585,6.338218314,19.02287155,6.639669469,8.286438651,12.45972064,17.25194363,60.33018654
0,18,0.153117087,72.08496317,23.09848825,21.06135818,1.440543509,8.239205098,9.211599006,12.27140789,12.53872668,16.54266316,4.595985698,12.96916084,21.08675486
1,18,2.197021364,72.06746327,22.2444151,22.07963089,3.136532629,7.74505229,12.37832306,13.83267075,11.51459021,17.79993137,4.473200909,12.31865636,75.15443401
2,18,4.106814574,72.11436859,21.46153237,22.10889931,1.704572651,6.526040937,5.57170595,10.90348169,13.66675563,18.02103714,4.437415026,13.93674551,59.78609204
3,18,6.189078219,72.10933565,20.22875391,22.51540895,4.995428695,9.441649373,5.666198839,19.80735836,12.49802555,16.38881755,4.899993436,13.06422561,63.27242707
4,18,8.068806951,72.05165312,19.07673044,23.05865262,4.322920938,6.053666086,2.637046184,10.11362637,11.61423005,18.44927966,4.201983661,13.07937119,27.85198399
5,18,10.13859932,72.20621004,18.42365467,24.16180084,4.527078036,7.268232635,8.647770737,12.14558444,11.96903454,18.22998265,2.072127733,11.63975311,50.74532532
6,18,12.09334616,72.06077459,17.32945772,24.07829549,1.055301788,8.136573234,9.783295931,13.4991363,13.80786143,16.64331042,4.467998393,13.68278956,13.33618672
7,18,14.15323641,72.14380683,16.30600733,24.85115589,2.029647499,7.675652183,2.829315406,13.26107743,11.53356035,16.51361709,4.788194546,11.8403409,14.39222899
8,18,16.14635228,72.247087,15.06055037,25.0256719,4.891307955,7.661924262,8.569065622,10.33332819,12.23821866,16.95264823,2.555309504,12.3444322,45.09571524
9,18,18.09335929,72.02930138,14.12125031,25.90116439,3.598996873,9.433356298,10.24163212,19.83836773,13.94846467,18.28859144,4.50710378,13.17922784,30.23884349
10,18,20.19473394,72.20179415,13.01576124,26.69897837,1.129079279,6.769351393,1.013969496,15.43344092,12.39347605,16.14336865,3.716412289,12.87375813,35.33451552
11,18,22.09505174,72.0851938,12.01269512,27.0977453,2.377849242,5.925773059,4.128456626,16.0694487,6.992028664,8.221910073,12.82473009,17.00378541,19.21486437
12,18,24.18139826,72.155443,11.46812296,27.23773179,0.862305149,5.763408164,9.988537206,15.16470426,8.939087457,7.016374787,10.22011933,16.86545355,10.51523969
13,18,26.14057406,72.01750743,10.25918193,28.19725014,3.322345362,7.241708304,4.612799959,16.9192203,6.009411626,8.369773995,10.99218893,17.01736403,39.69735807
14,18,28.08054456,72.00312088,9.190126463,28.4606389,1.118744472,9.083272875,0.612465455,12.32618868,8.589839982,7.114200715,11.40491283,16.27864657,18.96821479
15,18,30.18847044,72.18777583,8.095484023,28.85145246,3.62260147,6.089756057,5.364715646,11.59954384,8.270450665,9.09835301,10.33311272,16.87673273,66.94146403
16,18,32.07005756,72.16012788,7.248183087,29.51917475,4.790610674,7.969615187,8.958249485,16.20371499,7.981520046,9.644483107,12.31956412,17.7363689,71.2930922
17,18,34.18214644,72.21655256,6.185945773,29.73533434,2.338805193,7.10197072,12.11399411,18.93934795,6.041516016,9.633523831,12.92204966,18.64183387,59.50210147
18,18,36.01846177,72.1951951,5.173797838,30.58469716,2.241927194,8.823593069,2.16486414,12.42646785,8.867400112,8.44903428,11.60959366,18.71676356,20.72719624
19,18,38.10714743,72.02882554,4.028366687,31.2317663,2.488083365,8.439193659,8.35402781,10.54150656,8.486224949,8.955283409,10.7180299,17.39754552,31.14857491
20,18,40.2110326,72.248649,3.233475731,31.3956797,3.93820323,7.862003898,12.37786039,12.03634817,6.075867052,9.831178725,12.67171443,16.07059431,72.07264506
0,19,0.150099348,76.18582784,22.14397662,20.93571662,3.154653107,6.709401998,8.781684391,18.70587582,12.26718983,18.05891745,3.173386443,12.31296825,56.40768923
1,19,2.048869009,76.06263661,21.42390303,21.53684713,4.262691646,5.031799565,13.26123661,16.61075522,12.40001998,17.84143059,2.564916187,11.72993113,27.60867659
2,19,4.146953658,76.24064961,20.30754701,22.05553569,2.047904299,9.744821173,9.083786005,19.14651643,11.96896694,18.81633988,3.263453178,13.76535688,49.14353898
3,19,6.175509417,76.17123574,19.31175713,22.36348997,4.232948477,5.71880631,6.92414097,17.954511,13.44512786,17.84343697,3.841731302,11.45319106,59.74763547
4,19,8.013875715,76.14566616,18.24872176,23.17168702,3.350884353,8.476230495,5.896127158,16.41016303,12.44752953,17.67145475,4.228592604,11.02987949,38.04282623
5,19,10.14182269,76.03689874,17.06140547,23.48001536,3.076549551,7.443970357,6.416429427,11.71231044,11.30762254,17.33567306,3.475631493,12.08756183,76.25765017
6,19,12.03213034,76.17705316,16.20432596,24.23923861,2.311072656,8.589626201,5.368750016,18.43785581,13.62659297,16.887404,2.516206218,13.41889211,20.30910154
7,19,14.14636802,76.22346355,15.25996499,24.55571887,4.534342162,6.474908383,3.133510894,14.40279662,11.33301703,16.40123013,3.29588235,13.2963321,22.19493665
8,19,16.08860182,76.21619503,14.23039191,25.00583946,2.163654141,9.657207362,9.296737982,13.47208328,13.45981113,16.04541104,4.005853314,11.31996552,35.18799718
9,19,18.05684957,76.07933122,13.26659054,25.23222278,1.53044043,8.068759088,2.112976856,11.43083677,11.54127042,16.47657314,2.156877637,12.58676109,48.04769522
10,19,20.08784771,76.22082065,12.09657806,26.08639442,1.902973414,9.653114911,3.702735618,14.4274734,13.47466259,18.01527024,2.143393127,13.73212479,12.15869059
11,19,22.09969612,76.11731513,11.02089968,26.3387939,2.064339327,8.918866114,14.27619538,11.62847776,8.718401802,8.193039938,11.99998004,17.67558138,22.00718868
12,19,24.23260092,76.18469056,10.45948402,26.7303836,3.739405703,5.617980394,5.300128146,14.97361369,8.590205726,9.155082249,12.84176657,16.47308887,14.32833686
13,19,26.22353373,76.17340525,9.044558078,27.46669591,3.484158754,7.848384946,3.526009836,19.59266168,6.096725495,8.009322168,12.12881995,16.03933694,40.5378855
14,19,28.20196213,76.14337015,8.402812626,28.14286484,0.372708767,6.965050113,6.157277989,14.90357193,6.780212917,7.208538908,10.02778109,16.25412912,54.17434688
15,19,30.15197491,76.03742567,7.051058474,28.7169251,1.968265448,8.890970402,14.84961582,10.34756609,8.847020285,7.21021111,12.8573911,17.4529534,50.80842502
16,19,32.03339872,76.23654554,6.249870033,28.88778957,2.963472852,7.007865111,11.52212626,16.57518884,6.538394151,9.419589528,10.88979246,16.01373575,60.53745697
17,19,34.00813658,76.07946914,5.464277586,29.18210542,4.557213592,6.095319815,5.056840055,13.79649058,6.996265588,7.56900687,10.42305591,17.34476882,70.06185465
18,19,36.09005535,76.07917738,4.039516006,29.9999156,3.165303578,8.181292056,0.863747258,13.97165846,6.15690477,8.221723266,10.37497111,18.66576535,17.04121345
19,19,38.22610382,76.0538733,3.25790947,30.30735427,0.635038124,6.689652865,12.8957539,12.40558877,8.288534664,8.947916449,10.354107,18.86953669,65.0864905
20,19,40.10162392,76.24061415,2.467218119,30.78134144,3.242678455,9.80903018,5.46724384,16.89192527,7.940803868,7.029897795,12.79197094,16.29538522,76.40394379
0,20,0.213117733,80.01284596,21.26940566,20.60577056,3.398358827,7.215381719,7.586877121,11.75773285,13.11543842,17.68265021,3.349128893,11.42315058,60.64950703
1,20,2.130706495,80.13283629,20.4772604,20.92543831,1.577650129,5.758293899,14.97725426,15.39983198,12.95928573,18.23256194,2.097622352,13.22120326,29.55921783
2,20,4.098051827,80.05326695,19.41039316,21.19367781,1.469164458,6.456993683,7.701208999,17.96579908,13.54927068,18.9398893,2.34431023,11.64083937,24.5069934
3,20,6.153097895,80.08154234,18.36953787,22.17135594,4.717842499,8.601103208,13.6865292,17.3369914,11.104581,17.4004169,4.038282456,12.60610429,44.22772902
4,20,8.159898897,80.0244092,17.10094011,22.51925887,0.687231836,5.037379565,4.071632685,13.81212691,13.50895368,17.80385671,4.938637547,12.77688009,54.92638947
5,20,10.05076926,80.13523476,16.28265935,22.7357688,3.208408019,6.449640584,2.522413609,11.84122119,11.2896719,16.61823026,2.902283785,13.18806136,63.42948698
6,20,12.22196511,80.12815099,15.08022146,23.42120937,0.481088031,8.082197657,6.823645653,12.61451455,13.36228693,18.99660103,4.941274872,13.71650259,14.57565731
7,20,14.00524968,80.09866082,14.49498915,23.57741999,4.729167003,9.732985145,12.38400701,11.25453566,12.33815889,16.42561569,3.100936646,13.34716508,77.37198782
8,20,16.18472838,80.21045271,13.26796471,24.14467052,2.562261527,9.369105327,0.484655464,10.94437264,12.54168862,16.03179619,3.15312073,12.83257889,21.33407334
9,20,18.072224,80.05346149,12.35841148,25.08024254,4.770543652,7.122535876,7.354924178,15.36021042,12.41465166,16.55522208,4.028656735,13.85011166,19.17742224
10,20,20.18778569,80.04107106,11.09980946,25.4919516,4.448180003,9.138045635,9.614772943,16.96888787,12.65496882,18.68703013,4.564027928,13.43540914,67.61463573
11,20,22.00686197,80.1699358,10.33184541,25.94157329,2.267144394,7.416682316,5.29792715,19.20452755,7.758072463,9.292444573,11.78491071,18.53050774,59.44002624
12,20,24.03301437,80.06388629,9.195158879,26.62727996,2.019010806,5.875593409,10.67580535,14.40228674,8.821347634,9.540593657,12.63749123,17.68437479,13.51026807
13,20,26.02302487,80.09170013,8.015240673,26.69483543,1.009424232,6.719248317,14.291054,16.02664618,8.999414587,8.963933915,12.89773273,16.60793117,45.55569474
14,20,28.16543841,80.20539142,7.28731816,27.2710841,0.957741209,7.178307457,14.78409487,10.1128056,8.676893922,8.677101892,11.65079686,16.60793973,44.01411787
15,20,30.04040983,80.18759676,6.202116216,27.87928388,3.681700909,5.387330372,9.908303343,17.74200825,7.030580939,8.051348862,12.78214637,16.46493459,75.361759
16,20,32.09823645,80.2413567,5.18514551,28.41923281,4.856716625,7.063476972,4.72176309,19.12001812,8.446267835,8.678976381,11.51779401,18.28709844,23.79727798
17,20,34.19987047,80.18071616,4.186322468,28.86618479,3.934969526,6.016797351,2.700569501,14.52243976,7.629048984,7.671705124,11.1219049,16.69175171,52.10382026
18,20,36.04437536,80.23160168,3.071174522,29.57166503,3.6833722,7.975373628,7.542670118,16.86857026,8.675323785,7.979312766,10.04622553,16.08803627,52.5122815
19,20,38.00130736,80.03202808,2.493081677,29.68903349,3.428901099,7.508156665,14.20548562,14.53902657,7.165541151,9.117112281,10.46863257,16.84151506,79.69437356
20,20,40.14596363,80.13205073,1.162892231,30.12675316,1.357278112,6.820164309,8.592425997,13.98722354,7.510604371,9.687830813,11.21567664,16.52542936,50.73723223
