X,Y,Z,TempOutlierSm1,TempOutlierSm2,TempOutlierLg1,TempOutlierLg2,TempQuadLg1,TempQuadLg2,TempQuadLg3,TempQuadSm1,TempQuadSm2,TempQuadSm3,TempTrend1,TempTrend2,TempTrend3
14.52958799,12.81573397,7.480852447,10.31883561,16.83345678,3.433180255,2.243050775,7.462724561,5.271174559,8.968903182,13.71209981,5.384849517,18.33846328,10.45572337,54.46735243,33.4091837
3.520872551,4.36594885,19.20759838,12.78529028,18.29133976,1.289260443,3.316272748,12.66458985,1.785577967,3.884366546,4.201660023,17.07351358,13.12873062,25.08721297,20.60627048,9.37486535
0.251566553,11.86409943,17.78036343,10.01872266,18.17484926,0.346444646,4.741794316,3.672870578,2.303800437,3.210965373,19.12316976,18.13049125,14.13526127,31.75069495,48.24067486,12.45571777
6.529569698,16.92170523,9.862342045,11.23393244,16.53213388,2.967985388,3.006418592,4.916804808,3.545609629,2.850520359,21.63024478,18.02183669,13.7850309,23.13866309,70.09780613,25.46495289
9.060194467,5.200039511,3.142227306,11.79753625,15.42461593,0.622786552,2.613099085,26.3396474,1.30980099,3.118350025,4.743170216,18.76833949,15.86690323,16.81035231,24.62100779,41.96354332
4.482108801,13.65833708,6.894702361,10.76326955,15.41872094,3.675779791,4.520101474,4.814704958,1.111739493,4.7531668,19.76142555,17.39567967,13.70452418,26.53473972,56.25976906,31.99905454
1.320436688,4.057478734,9.488974967,11.55515899,16.21733478,1.993545279,4.721592746,26.88016195,2.597076867,2.126013981,5.710054677,16.63090941,14.39552352,28.15993639,19.6285183,29.14034514
5.104448979,12.37029359,15.15606899,13.15658105,16.26213761,1.71625467,3.300415969,5.96593219,2.96589926,2.538033352,19.65481131,17.2825785,14.39533751,23.60872899,51.31388804,16.82335633
9.536444906,16.02828737,10.43863631,13.29356388,18.83756063,0.320568663,3.112358385,3.071724045,3.902416019,4.441504625,19.01573701,16.34659258,13.38238251,17.95058076,66.91072386,27.50683911
7.362611208,18.64251162,19.59825823,13.40924599,15.05628042,1.861643957,4.198609106,5.695917509,1.548265371,4.313786521,19.12173962,16.72893001,14.25070156,19.21661164,77.5583904,8.645856651
14.24181476,3.861274509,3.517187417,10.22864498,18.67715667,1.829354507,2.744157566,7.69444065,6.201472276,28.28380294,12.47179624,26.58931908,22.63502977,12.58404061,19.20280239,38.34169895
7.775519851,5.734499695,1.965871929,13.22015565,15.66104924,1.188892007,2.736938192,25.64919753,1.216709273,3.669853398,3.591508827,17.35116886,15.60318035,21.39420483,28.75714048,44.87206444
14.38712766,17.29239981,1.758058843,10.75215576,17.97326074,4.145031075,2.752079215,8.383741265,7.546435865,8.851166071,13.53452073,4.929753398,20.44820827,9.392104437,71.81964083,42.82296908
6.073653169,10.90576535,19.98587834,11.24749296,17.63193626,3.180783082,2.800742837,4.99471579,2.761951673,2.92098835,21.01766684,17.54536037,13.95208888,23.95584138,45.43452348,6.220721115
1.879930238,0.059438766,5.255673224,10.2493746,17.96784053,4.182218047,2.111013372,25.21085151,2.328916338,2.312110394,3.858852704,18.79753719,15.21814626,28.29173106,1.398285616,36.5436003
14.94281364,5.645096435,4.813093311,12.25476179,15.25133395,0.867488721,2.756329172,8.696807133,8.403087492,28.54480365,12.62040041,26.83319851,20.34938161,9.375939947,26.1580952,38.98867295
5.459744485,17.63321934,14.21927982,11.79655091,16.26684247,15,2.51429483,3.303751285,2.412490455,3.248549268,20.42171424,17.55528546,13.24799423,23.96293055,71.05097487,16.61810976
16.38482074,11.51483317,7.696648817,11.26202528,16.9678023,1.650141787,2.197736638,6.817878607,6.026975503,9.841945447,13.44174713,6.264844418,18.50236522,8.362714655,48.85357972,30.92606023
17.97190758,5.111018841,10.55534112,12.77359857,15.09811024,0.352936366,3.636424093,6.566705439,31.4073771,9.405090954,14.87908435,25.48422668,6.126699248,4.018541187,22.44646858,25.42149731
8.867413383,14.40321634,2.677494809,13.6314165,18.21536358,3.127620971,2.47918707,4.154766036,2.510610545,4.574691626,19.36985546,16.1902276,14.719058,19.97946421,60.85174099,41.20115108
9.368369444,17.55018603,2.441036675,11.66840104,16.60703985,2.813136298,3.571845148,4.853327212,2.347412896,3.61683292,21.08671837,18.28688206,14.28153161,16.40194387,72.10905817,40.4124191
10.204763,16.08576145,15.25371825,10.23281292,17.09038888,0.344991997,4.00340116,8.617699798,5.432124007,8.493582182,13.56671597,11.2461762,18.27384835,18.24755819,68.84974535,17.78991355
2.791124488,17.48347451,19.51413377,13.39272291,16.74662926,4.262407736,3.203620696,4.77985424,1.277619042,4.705296326,20.3510758,16.8444605,14.66245266,28.06455842,73.03127181,9.489219218
19.08931239,1.494842915,6.48658813,10.58773063,18.42018792,4.25791031,3.234031897,6.040521343,8.846563875,26.5100063,13.99822045,25.57608035,21.98834806,2.631473781,6.894215082,33.58227703
16.85765361,18.59945015,1.223959675,11.60592064,15.92477676,0.522197473,3.829606638,7.975237803,6.449860721,9.855423286,14.10103258,4.056723756,20.03460846,8.034862718,76.27461717,45.11343195
2.623981367,17.51700519,13.01993255,11.0233119,15.85914397,4.452453227,3.237694668,3.897630964,1.271390546,3.131015845,21.13225916,17.47401614,13.09295161,30.06306445,73.88433377,20.88741728
4.362224416,9.49294185,16.80006106,11.18787205,15.36649311,0.665940245,4.294869379,11.7472795,3.762506356,4.810716936,3.586076498,17.81290887,14.34488208,23.60306924,38.96586432,12.86401881
0.137171293,15.20618522,13.2930197,11.61641145,17.37191656,1.684639532,3.670400508,5.429700291,1.355757674,2.127344331,20.23055322,18.95374176,14.92829481,32.65560966,65.19817208,19.45304974
14.31167245,0.701067447,14.79549823,12.41343387,16.63652348,3.543415491,3.383585118,7.762420931,32.06981742,11.95347624,14.71272101,25.37999933,4.376515649,11.60915077,8.254840114,15.6273695
11.91837561,12.32425149,1.410700441,13.78576118,16.83860259,1.354505495,2.823891271,8.27153016,7.157047708,9.589178761,14.24165998,4.775918223,19.99525173,14.27286836,52.84959524,45.71913294
5.932430215,11.52952616,1.322355693,10.70056834,16.27879597,4.187474839,4.540575868,5.822838829,2.039504183,3.576126814,19.95451072,17.284508,13.27082634,22.1019776,51.33815414,44.07844677
4.297359396,3.363089301,18.57153105,11.40944586,17.1745993,1.787841443,3.258623237,11.88600459,2.254763992,4.160083554,3.376484322,16.8226477,14.43878718,26.83147797,14.71107957,9.748213637
7.559518649,9.014935254,12.67206897,11.18819691,16.83113772,4.292729369,4.100336568,10.10811596,2.781664238,3.885090444,3.094396223,18.01679373,13.6083708,20.47120398,41.2293675,19.85065254
0.836095184,15.13486176,18.64237449,10.07339642,15.17609897,3.374602095,3.526744973,4.086884171,3.50358945,4.117663916,19.99668631,18.85307377,15.48710057,29.24072665,65.42726341,11.36934324
11.58998414,18.55490569,17.33379771,12.18283811,18.97454996,1.000704326,4.786991613,6.284765023,6.799485194,7.999335328,12.22914368,13.18941484,19.96661854,13.39769342,77.89462867,12.41458665
11.79819891,8.621102466,2.013180653,10.36430065,16.10886727,4.044898326,2.25827354,6.569479749,8.195602365,28.09143241,12.51694576,25.98777111,20.95410971,15.86761731,40.31385013,41.7874917
16.7238728,17.83926764,10.06524202,11.88165476,15.66189707,2.304442575,4.37125068,8.084101635,5.237554578,8.119373719,14.02206763,13.29684937,18.38446904,5.452912149,74.38915427,26.11883444
19.16832271,14.1308799,9.031150917,12.28055869,18.8393628,3.163986465,3.153216145,6.063820236,5.743555188,9.166045751,12.33287525,5.588224034,18.93504526,4.993989745,61.68322856,30.80933304
14.0240518,1.045516794,12.89568653,10.03905262,17.69839412,2.850022216,3.654970328,6.280360355,30.2150473,11.35774714,13.20968367,27.66169301,6.98247068,10.44407762,6.442626844,23.08159774
18.16525423,5.653027226,18.50355487,13.93892851,18.64458346,0.548105473,2.962736772,6.260983687,31.81433344,9.534386711,13.54237034,27.63093975,6.980223873,5.12104345,22.92184683,10.45690785
13.62078401,7.461825191,9.405858515,11.20389044,15.55673235,1.162112914,2.440420142,7.135566018,7.653120495,26.5039114,14.32875142,27.66796879,21.1603647,11.22326745,35.83551356,27.48269885
9.438655942,18.27264191,5.925646014,10.54555709,17.14843669,0.933881156,2.76457415,5.952493647,3.277260209,3.078681724,21.98839403,16.31204858,14.98537728,18.99065942,75.04549176,36.33656986
11.44576469,15.47580131,9.546642571,11.09046617,17.36067322,3.04189891,4.526440671,8.665967896,5.977017913,7.314223539,14.18848219,6.668311014,20.55318164,15.47609398,67.22531762,28.31553897
6.965264456,8.869661231,19.38168476,11.89897108,18.19654263,4.548064414,2.794125238,12.30840386,3.175691661,3.79799205,4.721077967,16.31465238,14.09551254,20.71407415,37.59191433,9.940381888
8.850389667,17.02182268,17.13966915,10.44425983,17.9378339,1.055597379,3.904697621,3.118022182,2.094598199,2.352554413,21.10026504,18.99884995,15.98910795,18.36089746,68.48992358,13.6231375
18.55749836,3.630948581,0.291263282,12.26639888,15.31074865,0.973599153,3.083230856,6.794336949,7.499384116,27.73547766,13.31125371,26.20970391,21.19084193,3.379333338,20.48496327,45.55451234
16.40494129,0.732849024,8.782091873,13.22110629,18.95353158,3.04157735,2.562370732,6.080724634,6.583170097,26.42490978,14.4846591,25.73965969,21.31042054,6.142855607,3.259184278,29.74358656
12.5276725,17.06520948,14.26347579,10.08677083,18.90656146,0.891433086,2.495769811,7.17375068,6.101131861,9.355531898,13.03091319,11.41760432,19.01525347,14.39982495,73.73895384,19.16722642
5.821838348,12.34295153,7.887451928,12.86842859,18.12366674,2.64073838,2.352286811,5.112847631,1.693818163,2.242086313,20.75330629,18.44334657,14.80655178,22.21522435,54.68998811,31.50962994
15.49435432,5.369058782,4.388500435,12.60582778,16.66819037,4.965971601,4.622871088,6.44742894,7.648733185,28.2421804,13.25219409,25.11964284,22.3469492,8.111739974,21.78449863,36.48792361
2.937221511,10.08244916,8.807551418,11.6530154,16.69428836,2.999775185,3.77024189,5.597767033,2.030921058,4.736225164,21.86663081,18.59607473,14.48203494,28.85632383,40.46270569,30.33858072
16.36199409,5.962681881,12.61502324,11.31555191,16.55653298,4.752735048,2.419286661,7.939566403,30.12837345,10.97540412,12.0989055,27.99841792,6.417528396,8.118666416,24.50220499,22.10893854
6.493363405,19.85193521,19.85795889,11.06887109,15.12862865,0.50001128,2.72835816,5.637552737,3.735778728,3.561022443,19.20235773,18.91107346,14.50362216,23.25942311,83.40581643,7.054165758
15.23081068,18.23002476,8.429189317,11.84355219,17.34652072,1.356920831,4.15075932,7.20387142,7.451750401,9.414643931,14.37857021,6.123282119,20.56911183,7.876071349,73.26097909,30.88194601
9.390964644,4.705024296,9.927372971,10.77368333,17.46669764,4.999223219,2.057088681,27.2185628,1.240832976,2.465241957,5.733412166,17.20741504,14.79614683,16.61801433,23.67217656,27.89452263
14.51269612,15.55424726,1.780663276,13.43975288,15.09234743,3.933743801,2.601148607,8.909637928,5.24236116,9.797071269,12.20565596,5.223176782,20.7419229,9.644831186,63.80812339,43.11100506
18.15636956,13.58883021,6.227860621,10.65759041,18.78641515,3.599591308,3.153520421,8.412197813,6.796616109,9.340649018,13.19020532,4.877583902,18.70680174,6.149714807,58.13449679,34.9672041
16.85774022,2.91059437,10.16579314,13.6727975,16.82486091,2.560394933,3.232682386,8.082005284,30.30056188,10.61074215,13.67787924,27.71500268,4.388812331,7.371316257,17.64158461,27.99542288
1.197141073,18.6423564,16.71792963,10.47650138,17.14078611,1.097713256,3.33915466,5.021012859,2.010717978,3.756168982,20.65043728,16.84687036,13.42908226,29.71825386,76.2308064,13.66985711
4.92230019,1.059904128,6.36433239,12.53376147,18.65230719,2.594120114,2.73495289,26.91823937,2.10100026,2.158184765,4.836382276,18.22650536,13.82845816,24.87522372,7.333352093,32.29327598
10.26972914,14.7644413,13.42036437,11.56888636,16.64263187,1.154080217,2.627336287,6.190559197,5.418669179,9.420546552,12.98511272,12.77887418,19.69250811,14.77898852,64.18982666,21.4807248
11.06238034,3.002772079,9.902979465,12.95464691,17.25724928,4.091784889,2.527847282,7.750529595,7.450304161,28.77013939,12.50834416,27.7897993,21.9200685,16.54665319,17.24122341,26.10435367
10.84026636,2.237142728,7.703137842,11.43607242,17.12339463,2.912301079,4.903961471,8.234810964,7.332657057,28.25095273,13.41575051,26.28013409,22.73561032,16.64392152,9.156520741,31.88121381
19.76241046,7.295603068,3.185946046,12.33522007,15.97159177,3.068938018,2.036767056,7.889279745,7.530543868,27.60285778,13.08416669,27.50972525,22.68921535,0.994644809,34.84546626,41.15499371
17.73834868,13.2248949,17.18014507,11.48844359,16.36683615,2.019711217,4.99330341,6.561106525,7.270561488,9.934990617,14.94434939,12.4810448,18.95012183,5.453119422,53.1940209,12.52153157
7.704945078,7.413008228,10.92352429,12.71350713,16.05673302,2.925030963,4.279370655,12.9247478,2.317523252,3.283332605,3.586105189,18.49735892,13.27348898,19.04340551,35.55703723,23.35105566
17.39584583,4.059227662,17.68852539,12.93871972,18.92810716,1.450311613,3.031578171,6.235479921,30.6678655,11.18566902,12.33088946,25.0255868,6.41915311,4.621528249,16.51193385,12.05507226
1.763666094,14.63155693,19.11160879,13.52171156,15.89908028,2.093451997,4.80322369,5.929846943,2.492803499,3.780983817,19.71938307,17.63681267,14.25482431,28.04439281,61.38381313,7.31271629
12.258862,3.507661611,18.78471491,10.72897265,15.38807104,0.087363266,3.810968427,8.885767425,31.34566102,9.466038564,14.48718048,26.83210377,6.323720885,13.28956869,14.69343632,10.75711479
4.819578647,0.835259903,0.515804612,13.0482105,16.35609533,1.472793552,2.567484511,27.74025619,1.212633122,2.34565989,3.72833033,18.12645405,13.95730698,24.10694371,9.02843173,45.61050698
11.54960123,7.705920449,10.36270704,12.90552756,18.61895344,0.808297332,3.812210672,6.925132311,30.79348372,10.90822866,12.81825958,25.46995451,6.028584777,14.83214046,34.0640832,24.49485402
8.317453667,19.17476151,18.37562015,13.84095456,18.80924202,1.279026063,2.167905741,4.707239443,1.147974513,2.682369793,19.24039881,17.3226404,14.99027274,18.98076645,77.24283615,11.36539625
18.20973402,18.47138992,4.651223222,13.77305675,15.84026165,1.524219741,2.570639892,7.70696425,5.512205968,8.512474778,12.79669203,4.630153102,20.96364684,2.846077536,78.1711928,36.35524343
16.56587189,11.58059789,3.497378146,13.48419242,16.72776531,4.537481497,2.600152292,7.22005322,7.601137214,8.386946007,12.08852311,6.630154542,20.28465867,5.977130737,47.617501,41.0609777
10.35372979,5.558932086,8.750300734,13.90733627,17.20293388,0.92874563,2.142593522,7.386377405,6.482784514,28.37315686,12.74557547,26.6650442,21.79376735,17.14066096,25.23642175,30.61825028
8.719736461,14.38644138,0.439286845,13.43905648,16.44204259,4.332476213,2.791961085,3.055697913,3.255123258,2.63791063,21.58763566,16.77378424,13.73276346,18.94370996,60.75248043,45.82366271
14.31812144,9.139060699,9.249000322,10.06035768,18.02931394,3.275329039,3.533138054,8.997604951,8.311662158,27.66279606,13.38851891,25.27531526,21.9324796,9.28423341,38.50832562,26.80316245
1.609826436,6.111210235,7.740441505,10.72217446,17.06787029,3.835860639,4.666025615,27.74094147,3.9113124,2.806757891,4.746664054,16.00724224,15.69967935,30.08879119,26.98155554,31.24207449
14.78311237,2.100619594,14.56602292,11.80040597,18.80802481,1.306808621,3.767709838,8.331122856,30.54784172,9.593300628,12.73197374,25.81258083,5.31064183,10.56779943,11.07431914,16.86092935
5.77037033,9.122930756,7.798466116,12.47370311,16.59118534,0.845945379,4.319446201,27.50276238,2.496730207,3.80812793,3.895820426,17.64005418,13.0888453,22.36811746,40.07048445,31.30960068
2.517371418,17.86006777,1.048945157,12.25958874,18.74091132,0.632247263,4.848316302,3.232965329,1.378809201,3.826918325,19.74558635,16.44127769,13.07805977,28.5657436,75.26261401,44.189974
16.15684189,19.40692837,2.103964272,11.73698124,18.04404896,4.198325089,4.626135911,7.575261755,6.845709563,9.849771423,14.11487064,6.410827722,18.37699537,7.171935962,81.4824139,43.42266739
11.58654002,18.74644224,15.95210413,13.17093445,17.85447607,3.229801931,4.935589574,6.843651978,7.641209321,9.78352365,13.33791784,12.76402873,20.89461992,14.00190128,79.28642165,17.03734056
0.875170154,1.428897746,18.56921886,13.64069797,16.86933474,1.185787696,3.966885013,10.60639567,2.544403763,3.141654066,5.277475883,18.89185072,15.41498226,30.57820643,8.234990111,11.52274887
13.26725555,9.938072821,3.108168022,10.46059219,16.18011876,1.532392838,2.597349791,6.505711476,6.385440662,28.50107028,12.99526274,27.2944765,21.47063449,13.72821129,44.84960735,41.11614759
7.338567097,2.565495505,17.13949245,11.94013041,17.95684338,4.192279063,2.811997614,11.69847188,1.392577403,3.185421262,4.186443337,18.19292816,15.99982166,21.21688444,13.65132155,12.25379707
5.624619651,5.555361366,16.79425808,10.00285551,18.90906872,0.67511469,3.438248862,11.84729442,1.020663575,3.60188175,4.933956821,17.97675917,14.55382125,23.75721633,27.31755605,13.72348103
3.483939196,11.97470863,7.329606839,10.73649793,18.96241099,2.131287739,3.151669798,3.766460054,1.101876788,4.114484966,20.62090309,17.294521,14.21993328,25.86942077,49.22180085,32.55406976
11.76011805,1.105330739,14.65797619,11.75938679,18.7244672,0.376350355,3.827970687,6.851344789,30.63896693,11.90937132,13.34962936,26.43346382,6.701221806,12.87831134,10.02418748,18.99063132
7.213289632,18.74472846,0.625026255,12.10798678,15.33091911,0.23226745,4.321034308,3.787675993,3.362411851,4.612517479,20.91615713,17.2311176,15.55182026,21.62567875,77.79363721,43.93273232
9.126427569,10.40246272,2.776553741,11.40415934,15.91993542,1.03933686,4.626672619,5.348639745,1.440812856,2.276872772,20.21137687,18.77035198,14.63459694,18.60991119,46.22077721,39.98393205
12.64554574,2.404884503,8.134790472,10.99136597,16.81895392,4.933673549,4.651486132,8.755321221,8.770018258,27.53171996,12.38743535,25.61417169,20.18362687,11.76427464,14.543025,30.14836216
2.349342735,16.2822528,6.806168006,10.89722624,17.01990451,4.482800999,3.555063094,3.477234457,2.685551914,4.93304241,20.85090081,16.3099376,13.01206637,27.36728832,69.63368733,32.0508721
10.67464582,18.15987737,8.79557583,10.62059429,15.57624566,4.117151157,2.240759611,8.112530108,7.64250177,9.105502714,12.3271505,6.130224995,20.67334613,14.2457306,73.71550578,28.39911327
9.25052679,14.47367595,12.48251762,11.0285399,15.34798315,2.55942074,4.088276452,3.300984038,2.489858691,2.114052014,21.86035304,17.34256971,15.41067782,19.64994022,63.2077093,23.13671611
4.123239109,11.99837503,6.566245432,12.28447929,18.77630965,1.515248609,2.73747965,3.366353609,1.698419185,2.84467881,19.90690295,16.12658009,13.29444258,27.81128307,48.40959292,34.51834605
0.473554671,8.04277995,15.44208418,1,18.15673512,2.53667684,3.045000948,11.44824511,2.10406784,4.576631493,3.123038123,16.77600473,14.49907728,32.66482954,36.17760515,16.62366837
10.86946262,3.184161154,17.86619488,10.89168154,16.38255111,4.641995776,3.247004912,6.999040745,30.32351693,11.00551973,13.62749613,26.6465657,6.319209362,15.60692835,16.55033262,11.66258218
12.73987457,13.26516187,15.19310796,10.26195962,16.43157176,3.048983474,3.753330918,6.897887337,5.10478424,7.513350099,14.9354483,13.555268,20.07632017,13.84170238,55.53851519,17.40000277
16.39920193,7.64497536,9.673037776,12.47046178,15.08409683,0.346047013,4.209522478,7.933679387,8.393694273,27.12137464,13.05732481,26.13196688,21.79011789,9.36687348,35.91278017,29.64765906
1.372102669,12.86486717,6.144770374,12.11364092,15.07216214,1.214535423,2.498086677,5.919048431,2.125148045,2.027449895,21.31089234,16.07486056,15.49227391,28.69872144,54.49707379,35.70674749
18.09065425,7.939639718,4.04068876,11.15384381,15.0517035,1.430305413,2.01357124,8.281240561,8.362454415,28.89816561,12.84081719,27.10927692,21.45927991,4.217001881,32.93233648,37.9242859
19.67463204,4.967701707,4.986051226,10.13127404,16.36441797,0.745941833,2.457617562,8.195722481,7.066984261,26.39005907,13.79836218,26.37014225,21.04466451,1.493030186,25.50325112,36.06371114
8.610578107,18.2271084,16.59256919,12.45900661,18.16910183,4.913053518,4.271687968,3.474103105,1.602318879,2.320189165,21.30017914,17.8697451,14.60748875,20.3563505,78.67452532,13.58570146
4.786951016,6.577067953,5.553637362,11.19804718,17.73565535,3.956910056,2.458316998,26.11695811,3.719554216,3.24186425,3.780026467,16.77643317,14.9256213,23.22827794,30.25048288,34.69305072
19.03070954,10.1294044,6.338465592,10.95644749,16.63283906,1.599809837,2.878306715,8.245293541,5.623501626,8.720245957,12.34101903,5.657106962,20.76215005,2.967675734,41.4005134,33.89862396
10.67558973,10.22040109,10.35968808,10.90422208,17.8915398,0.304366664,3.059271266,6.810426044,7.831832437,9.192263506,13.21824786,12.93232777,19.8610606,16.40670808,46.32750315,25.96702117
4.545322734,5.280127519,14.47484558,10.56176499,16.35873559,4.579826274,2.179146018,11.08532853,1.876166266,3.490114296,5.289678439,17.37105138,13.3263341,24.73686212,26.03820325,18.83177547
14.41971172,15.18223573,14.35669028,11.76369575,18.25637158,2.629386439,2.075144258,8.243989337,7.327991512,7.778799735,14.93529564,11.38941613,18.92797311,10.88430871,64.12702951,17.09787827
15.95168096,16.91911578,15.29087569,10.73093266,15.19918387,4.49934655,4.674697412,7.162136538,7.084773902,8.848214932,12.62542092,11.90215998,20.62595025,8.507494171,69.09099719,15.60040174
17.32775285,15.81926055,0.446743191,10.63435735,15.22934983,1.855825215,2.571672115,8.681147597,7.135843077,7.449632169,14.41942962,5.31758292,19.78165372,5.338766298,65.39337017,47.30693749
2.086372145,11.93721658,16.84495103,13.79981594,17.90038178,2.036154269,3.896909511,3.591426484,1.587940263,2.787924722,19.64265191,16.08876644,14.4016392,27.65268882,49.04308661,14.27619104
19.34629672,7.003158749,19.41105242,13.20651862,17.23259967,3.520507747,4.552873633,8.429700775,30.29133691,10.03142788,14.00438322,27.42393667,6.583513062,2.675677336,30.65392027,7.794685368
14.46183555,6.652269273,18.98231435,12.32229769,16.03317244,4.646810603,4.919838407,6.440911707,32.72376413,11.02684336,12.25415189,25.38285169,6.289369731,8.508519755,27.23260534,10.8807535
17.34350087,16.29515171,6.752556643,13.86119701,15.76249812,1.984653158,3.675172398,7.2748134,6.750899776,8.414835062,12.10670879,4.551322439,18.32997694,6.378350597,66.67467402,35.09648745
18.48450986,16.39882548,17.7941277,12.17514682,18.1749564,2.008693849,3.823392705,7.042424874,6.246323558,8.277789215,12.32187472,12.85749863,18.70270705,5.202841662,68.93233304,11.01607595
13.28672061,19.05943885,2.507335731,10.47914685,16.67529306,4.091963095,2.017389778,7.02600246,5.567957081,9.992569499,14.94064931,4.104384379,20.3760326,13.62428673,80.48548221,41.14623219
6.295944082,9.874184785,3.955468871,12.9636209,18.67062423,2.814397657,4.897620182,27.55905947,2.07019672,3.924716881,4.887265268,18.14578031,15.44904615,21.3460318,40.4811575,39.38174205
13.55433867,12.70014088,1.105869631,12.10530288,16.66430402,1.879717353,3.25456371,6.439207881,5.713411689,9.674092869,13.84083554,6.756722973,20.75064417,13.37246537,52.03029887,43.37705219
0.825701825,8.976436715,8.522278871,10.20567564,16.92829921,0.138665903,4.200234823,27.54246321,2.097525743,3.056411207,4.562910991,16.56979452,13.96463331,31.79817073,38.75945102,29.7487717
13.72158074,7.188824097,10.23250433,11.80342337,17.84721989,2.819105337,2.133906774,7.526664549,32.5379359,11.93829073,13.50980644,27.89327024,5.478666601,12.45888852,33.25317207,26.06933325
8.759717867,19.34512666,3.730925296,12.66020797,18.67793641,1.803277974,3.732263226,4.140975381,2.551787214,4.794542807,21.92875162,18.30965775,13.34900012,19.19632384,81.33914759,38.97131811
13.76594831,18.47206278,17.04753696,12.8228067,15.01655774,0.45304508,4.889051556,8.021198328,7.661338323,8.024755489,13.31897404,12.74547808,18.7950019,11.10889269,76.79539101,13.61457378
11.15464432,1.577022267,11.65245819,13.8939534,16.89838418,4.435859557,2.959857253,8.823580644,32.24610293,11.48611962,14.043677,26.23781488,4.78001895,17.15865586,12.06898484,23.42669204
8.720437982,11.64932733,14.45169972,11.67808656,16.4457861,4.240124635,3.809690373,4.411159519,3.623715353,4.537449691,19.22530123,18.78703519,13.00110609,20.86268963,48.88708481,19.27750741
0.665560698,16.56132512,4.746700696,13.97508975,16.56438496,0.386920005,4.748621097,4.258314703,3.125358867,4.317164471,20.16260917,17.92593501,13.82242296,32.0198345,69.91766824,39.35866741
17.73880155,7.416051041,1.706548182,13.84567874,17.70052426,2.504930578,2.15341595,6.130161272,7.347317908,28.33477371,12.78837003,26.77847696,20.0636633,3.733710681,32.55266013,45.17048641
9.993602233,10.82268214,7.820664517,12.22501411,16.06660638,3.80696481,4.811947702,3.129277559,1.823463239,3.209922238,21.51958899,16.81588572,15.17169301,16.46932581,49.09723667,29.742138
15.16268608,4.658926645,7.61771562,11.55652729,18.26479254,4.457284852,4.929759764,6.804569753,7.154301988,26.02530624,14.35872486,25.9853198,20.432123,9.743580709,24.32544941,30.42971643
5.906739303,7.417995114,10.40403485,13.75363039,15.26308189,3.584163237,2.007888412,10.70320779,3.748988756,3.892448772,5.910081819,16.13863009,13.04791236,23.64024636,30.71497694,26.68233066
8.824151908,13.81762301,0.994188226,12.27172105,17.87549416,3.159063378,2.425369815,4.240357794,1.338083014,3.189219687,21.18294874,16.86144272,14.53714063,20.46180021,58.91426832,44.03575319
15.07868669,19.68006899,4.584897043,10.66455638,15.99722793,0.288475427,4.86736178,6.241036067,6.929866808,8.379023164,13.67923589,5.416347966,20.0976244,7.594364864,80.77867729,39.78284692
1.713575596,5.880929393,5.400309403,13.73305501,16.39395229,3.397891059,4.073816598,25.93026336,2.361055447,2.267661278,5.426610447,16.71325383,14.04157867,29.98827615,28.51021174,34.74129746
19.38423691,9.017980679,18.5092881,11.27877168,16.6288099,4.890466008,3.366772729,8.359517414,30.93866134,10.22888978,12.29526419,26.42324152,4.405578934,2.104028062,40.9801394,8.934394124
18.93803029,8.282816088,12.96455829,13.15528131,18.67492579,3.493221241,3.64510435,8.958443282,30.67321975,11.40919576,13.51083798,26.32323572,6.947974944,1.748742938,34.51950533,22.87989566
2.669544747,12.83128821,15.64685336,12.43092549,17.94596025,3.139128061,4.134762299,5.351665131,2.683535675,4.095511729,20.25895265,17.24310521,15.61712992,27.50227331,52.90165895,14.69658384
5.319687787,16.2188167,12.85823698,11.07951954,16.93528962,2.509073022,3.47237785,5.628458034,3.377865611,2.280565644,21.56590023,18.58177557,13.24644546,22.72277049,65.42279344,20.95516601
1.675369386,19.51123099,8.218116151,10.79641153,18.96983989,3.828054838,3.540640826,5.211839866,1.053647287,3.136508154,21.97736355,18.28012543,14.51300053,30.67436379,80.46364772,31.10031223
8.284963839,17.65517441,12.14429733,13.87221592,16.09254958,3.112788873,2.764768256,5.490336417,2.924608472,2.743589573,19.53770395,18.97964467,13.23950037,17.69339487,71.50182312,22.84873173
3.357573147,0.045084208,4.844608542,10.33937449,15.37160492,2.330241853,4.472078394,27.25586436,2.409991489,2.257003095,5.950777903,16.22062459,13.49680226,28.62316973,1.563612055,38.29803278
6.910834466,12.47544922,1.478618062,11.13003032,15.83698954,3.785037095,2.840972768,5.260061545,1.629916316,2.923660853,19.83810177,17.79142797,13.53871894,20.9473089,51.630524,44.70423682
7.275536255,10.97159067,17.60316073,10.1959231,18.70955418,3.416728595,2.786562075,3.780934117,3.13497742,3.156832479,21.73310261,17.42570191,15.87975338,20.81452382,47.4224023,10.01427139
19.60102301,13.58081843,18.08143751,10.44802788,17.45331123,4.953652735,2.400511168,6.397355978,5.481827592,9.391889405,13.6407056,12.80533425,20.4882805,2.579591421,58.86882469,11.12212116
9.751640928,12.49016123,18.94067256,11.0197449,16.35304468,4.499849441,2.944200008,5.04684965,1.786864751,2.524333301,20.39295974,18.2341842,13.74443982,18.4654012,53.2476844,10.60683077
13.6998193,13.13082905,14.64040144,13.57878005,18.50188693,1.930684525,4.69011756,7.168893538,5.90998176,9.7518098,13.9090009,12.03240322,19.55483107,11.32289611,53.28795226,16.94865436
4.367295367,4.057864286,11.86480997,12.31345861,16.7244736,4.910236177,3.987906831,12.25896645,3.865245284,3.183966173,3.247922275,17.52989868,13.42534171,25.85281839,18.15596953,22.34149597
13.95360721,0.335221057,10.96723911,13.80960134,16.52094965,3.312823377,4.496324558,8.405119272,32.4046054,9.039170809,13.79430267,27.50847372,5.451748552,9.094812969,2.968144307,26.97669186
2.550482899,4.622589823,7.444351304,13.8982048,17.5397262,4.624352817,2.580970865,25.67938219,2.787737538,4.565491176,5.638966037,17.61919086,15.98112077,29.92387498,19.53898781,33.41517699
14.43421602,5.59726758,5.459015542,13.14365993,18.13448412,2.504903101,3.277386777,8.890232883,6.105722961,28.2174711,13.17207233,27.12122225,21.22299502,11.3650262,23.03850878,37.91343486
0.145099804,8.359836558,3.695470339,12.38866761,15.32172964,4.359452312,3.504352633,26.78350158,1.90894922,4.773461163,3.100525455,16.71414926,13.4182315,31.14884925,33.79109631,41.26904121
13.23611665,16.80771197,16.23029806,13.08592883,15.3232948,3.976162352,3.635344919,6.444557887,7.969425518,9.528964513,13.2424838,13.14141349,18.49929002,12.86754628,70.63744961,13.61126217
16.13290631,8.524050398,18.88194534,12.69399052,17.26396849,4.33759181,3.645880984,6.320817179,30.89214961,10.18418387,13.43524659,25.16425915,6.468320753,7.015502359,37.1309762,9.449164023
14.10851241,11.77541397,9.065027443,11.14861628,18.72888995,1.900404618,2.049202429,7.703919731,7.649023787,7.859759773,14.0899627,4.257713003,18.8902086,10.38539091,48.46121184,27.74612006
14.77330184,7.099830406,2.723817047,12.06924188,16.36828353,1.65229524,4.144354731,7.684171239,8.757679053,27.06398843,14.78633048,26.28917853,21.68415243,10.97228082,31.72519455,42.56935204
12.01143792,11.55904831,13.02677291,11.03781101,15.36065059,2.132429589,2.518400022,7.132295725,7.516905193,7.269106823,14.06580732,11.27571841,20.80970826,15.34878775,48.7227452,19.20282157
16.99358461,5.3055033,13.07008485,11.48037712,16.75743827,3.486808584,2.755485077,7.713646266,30.81148194,9.659468342,12.51958179,25.31613177,4.034432014,5.951642226,21.30927164,21.46583393
6.313112649,8.898627012,7.039634149,10.99509622,18.46692679,2.798427052,4.517749187,25.30681901,2.771211605,2.187208136,4.308267016,17.59948878,15.15362863,21.80912336,40.33546501,34.36972505
6.473166854,10.97170206,4.026009448,10.83887626,17.001094,4.132392601,3.962512482,4.651934966,1.961130221,4.108426571,19.14515257,18.6951039,15.84787414,20.70056498,49.66644093,37.7603807
6.26914412,15.49822469,3.506308964,11.26672701,17.38262709,1.228910161,3.670347312,3.453181301,3.450807401,2.421361051,20.8790319,17.77309956,13.05123154,23.38280629,62.96842722,41.00234594
10.72619274,14.75775387,17.81966765,10.77286983,15.21563465,3.888096236,2.462703725,7.011006812,7.222502864,9.086737522,12.93992238,11.43182633,20.81764191,16.27044721,59.88043266,9.506091739
11.17678028,15.30694193,7.685190239,13.71013056,16.59637529,3.600328682,3.545924991,7.189969578,7.908948744,7.801058875,13.46747025,6.303221977,18.83035411,17.15511586,61.81658875,32.12016002
0.649667835,10.01122044,17.16870699,11.43554622,17.0061395,3.172030761,2.133201693,5.560129393,1.527725437,4.87154269,21.890173,16.90170779,13.81861635,30.96532495,41.12967055,12.45105401
1.748129874,11.80904628,7.839257748,13.33968432,17.57094898,3.974625983,4.624514611,5.569768495,2.998742979,3.593506421,20.88190536,17.41456997,14.05618116,31.36708138,52.19594042,31.8457371
18.02906389,7.960579765,3.118466803,10.19626906,17.5784699,1.729704291,3.88045897,8.933750003,7.728147571,26.4730663,13.10895153,27.45213375,22.78261633,5.26020896,35.88805601,39.7857047
6.560976239,18.40607612,19.0050477,11.76752187,17.52297089,3.12074065,3.178375158,5.198515678,3.347348663,2.424369132,21.55137653,16.92765382,15.09772154,21.71609612,79.06895573,10.76728757
19.48324202,15.74034287,0.746824712,10.47047752,18.72847281,0.134192255,3.480709808,7.090932966,5.495053443,8.594481433,13.46325033,4.170819542,18.56066158,1.729779512,64.80029136,45.65053943
11.29851895,17.69233456,14.02876484,13.73834886,17.53064079,0.676785904,4.794447175,6.589161865,5.30523259,8.639111293,12.99247072,13.32284255,19.23027502,14.71261088,74.23258378,20.25243085
10.61928938,3.356698629,2.288618664,12.61183602,18.5162663,1.891036965,3.454665859,6.580365978,8.035773461,28.23014996,13.21779724,27.12969759,22.11332702,15.35353502,15.3834338,44.26370587
18.69847019,2.318642091,9.149304932,10.68271056,17.52804741,2.740066793,3.109251532,7.416668908,8.922979988,26.74346502,12.71749747,27.30672814,22.05737603,5.052148928,10.54367514,30.43128226
15.91584254,11.92369517,3.854952973,13.48090326,16.34587796,0.572756668,3.699401258,8.655696471,5.621010665,9.181491922,12.8196887,6.237737139,20.48851395,9.893389745,51.17297367,38.49375142
13.0218182,11.4877396,12.34774985,10.19165701,16.36446156,3.845768719,3.966886023,7.006586179,7.322359612,7.538962826,13.79230219,11.41137277,18.51556945,13.89652311,47.49625875,22.89716475
4.939663248,4.974802584,0.898793858,10.38051883,18.65746364,1.494953813,2.818159008,27.21515389,3.798718164,3.665123662,3.996286346,16.93371999,15.283838,25.07474652,20.13573214,46.85135262
9.818757483,18.63348086,3.746778037,11.5671322,15.85789013,2.649815204,4.372194958,4.054108782,3.471335728,4.527541579,20.24771717,17.66660434,13.46778906,16.26430777,78.09246321,40.29641375
19.03250502,5.717678897,7.551525822,10.4650943,16.9670856,3.036781115,3.992478369,8.057134729,7.742752281,28.17514151,14.08421341,27.34021774,21.31820712,4.126412191,25.82853256,30.5136212
14.70180777,3.880490839,9.067580793,12.25496408,18.52099685,4.632902643,2.521246995,7.982053794,7.817254548,27.12846268,12.23131466,25.79903533,22.22706499,8.87797771,19.84703315,29.40254753
18.31502598,4.939769569,8.06301799,11.23126436,18.17185106,1.050396146,4.806726748,7.896107455,7.843211766,27.00886933,12.29605844,26.59768664,20.61742557,4.207320338,23.95292486,30.1296043
15.52767539,10.89155284,3.572468496,13.37151818,15.64390055,0.471997918,2.685735714,7.368151797,5.467025521,8.467213658,12.05363435,6.208752518,19.66817452,9.997562887,47.18856975,41.0415591
4.008161187,9.146154672,17.42374344,11.24800424,16.48333793,2.474623558,3.319905596,12.40029221,3.407615008,3.711439325,4.382512084,17.61149129,14.31827931,25.24065662,39.41768653,12.74273016
0.918445769,0.844208652,14.10711193,10.07679333,16.86344603,3.989550916,17,12.65365954,3.847142515,3.356415559,5.916155345,17.08915077,15.32140101,30.40988719,3.40540391,20.75739464
3.492642728,11.8463001,12.63884995,10.33468512,16.44606774,1.292455291,3.632133997,3.209234704,2.034908447,4.175187326,21.75311536,17.86872201,14.72372843,25.41532865,48.12043827,21.89976831
17.85078455,13.14171498,1.848178578,12.71848117,18.99726368,1.148718518,3.906226131,6.127719675,6.667353055,7.817086014,14.116531,5.001106576,20.71914441,3.320164384,54.59275848,44.11358523
9.150067486,9.536416106,13.227619,10.15782507,15.50415866,0.609429391,4.795715564,12.31650001,2.151024251,2.355114099,3.494142883,18.51108121,13.59296228,16.61389787,40.33571716,21.50135276
4.801379645,18.09602317,10.7939357,10.73836852,16.00046252,0.189312949,2.52934981,4.572152217,3.053618868,2.73389252,19.49020857,18.79312984,14.22595155,24.52423668,78.18890528,23.50963799
12.23672893,8.941196338,0.64724796,13.21357765,16.21505916,3.15207315,3.057176754,6.663736143,6.106590802,26.58293081,13.86056594,27.2661002,20.05507923,12.31742052,41.48862548,43.93711225
10.59243166,0.086257341,5.077674623,12.53617181,18.15643596,2.767537673,3.248834994,8.610812786,8.744904211,27.47900927,13.7595133,27.54213479,22.81163932,16.96412401,4.451309913,38.09185695
7.216033507,18.95446827,10.7228324,12.37093897,15.36167268,4.308426849,4.246241823,3.572131087,2.727808723,3.637904567,21.14979109,18.36034218,13.86552617,21.65364558,77.49199689,24.69885711
8.941458155,13.37260106,6.953097509,10.45242195,16.59879974,4.521768108,4.911385702,5.375456663,1.543105211,4.346403972,21.11987924,16.30020775,13.32778034,17.91780406,54.33918242,34.99461161
5.944469928,15.20876772,18.13410992,13.6304444,15.07509098,1.151404895,3.526476012,5.805933199,2.911879526,3.576212338,19.28002962,18.8150776,15.46808957,23.18659638,63.69836298,9.336418737
17.94318138,5.948600038,8.244053437,10.84888049,18.59898332,0.608494758,3.591316214,6.561127856,6.979891817,27.45139373,13.22302937,27.30918632,22.19079927,5.643769917,27.77531989,30.41779649
3.129627936,17.89164847,5.572790235,10.90336346,18.50690105,0.155261407,2.115223625,5.340253338,2.386514977,3.887701255,20.22143481,17.96547535,14.64532608,26.63591634,72.81817758,36.06614099
7.535670288,13.53279455,3.085142937,13.85211392,16.57475103,4.027782985,2.744045944,3.480881245,3.001635831,3.612634548,20.22594659,18.03648948,13.4502251,22.4845534,55.80805589,41.61122188
19.52931447,4.456452164,19.86771988,10.36882451,17.20709587,3.202598441,2.074991783,6.741286935,30.8841017,10.77952766,12.65931846,26.52870076,4.062412925,4.120813654,22.67740947,7.425127553
19.61477062,15.76047192,11.56355737,12.71002273,16.22012433,4.158182493,2.165836797,6.365610124,5.996413224,7.054570386,12.47566294,13.96535607,19.32014994,4.376031184,66.51851398,23.30718189
11.25875927,7.718595874,12.76704171,11.91022292,18.09916821,3.489916164,4.436222335,6.859864747,32.40684387,11.69304339,13.92026463,26.3424241,6.22072406,14.11504958,30.91342135,21.19588761
9.998096053,15.72389066,3.24582498,10.35633439,18.30136776,4.402647242,2.315166351,5.206082714,1.821185804,3.197934035,21.65512628,16.54777409,15.9026015,16.9145849,65.5582429,42.09453233
14.07010699,4.181486412,10.53960578,13.88799945,18.26315997,1.994589009,2.276863627,6.097169461,32.33815051,10.41986076,12.12405506,25.82163756,5.721509002,12.87973808,18.84495602,27.88871044
19.89361262,11.37062607,2.013050963,10.33028741,16.52293745,3.077647692,2.512073314,7.560010902,5.577080641,7.877828781,12.59879382,6.562609786,20.34608711,3.936768477,47.59638101,43.16285666
7.815875943,9.729282832,12.06960396,10.50607302,18.94563996,3.779001634,2.266839167,12.37456405,1.466670686,3.148777717,5.869299028,18.7983711,14.55498451,21.31978928,44.84775386,24.36648774
15.00774415,11.83335024,1.369731937,10.56552016,17.60459458,1.36448955,3.940885473,6.427647699,6.016039924,7.939281352,13.26177271,4.327167149,18.96803718,9.543046185,51.85996389,42.6010007
1.05837372,8.77668233,7.909188529,11.64155054,16.78369582,3.408555274,3.360090104,27.60230616,3.177283271,3.231626859,5.508610197,18.10891131,14.01017851,31.42229427,39.85739991,31.5070113
1.430531362,0.750308476,16.85539749,12.49612951,18.86036872,3.154495547,2.767029922,12.27037571,3.121169993,3.70710833,5.94430087,16.94350471,15.75968638,31.56686948,7.967585298,12.33105705
0.317497803,4.333600928,4.967857568,13.63592622,18.91364197,3.006809709,2.310166231,25.33233818,2.282975101,4.841331609,4.004964094,16.50639569,13.69198524,32.32741764,21.15211774,37.49126235
2.062334934,7.754004595,2.373270938,13.04503751,17.59635925,3.015046414,4.889848385,26.51851755,3.392087215,4.970535977,5.252504904,16.51938363,14.66721958,30.16308041,36.02400464,40.48321051
17.60974098,5.072924128,2.688005262,10.08592856,15.43003798,0.331746033,2.565047276,6.145539355,7.121020777,26.64609769,13.28429611,25.81984355,20.83353888,7.244427855,24.03680239,39.98184717
3.565305835,8.241639882,13.63379603,13.93417818,17.21490917,3.743060019,2.730997213,11.78303779,2.079073258,2.209173932,5.422957004,18.21895702,14.77168124,27.06018409,38.51375762,19.6962001
19.78087462,4.271068982,15.78682528,12.38783253,15.84618977,2.069320446,4.716709569,7.767297737,31.26557065,10.70039186,13.19301425,25.02994433,5.374889495,1.96102928,20.96134872,14.84500784
10.08184376,12.55678164,5.716183896,10.76078329,18.21003268,4.875073522,3.993172905,8.692328916,7.808941468,9.97887768,12.69083884,4.730550305,20.94069023,16.48731179,54.81964483,34.73723446
13.79596434,19.88986292,13.439995,11.08654477,18.43725239,4.505924888,2.568478552,8.455417856,7.875884101,9.736801285,14.20195416,13.74571727,20.11552435,9.960100196,82.83614118,20.93670284
10.13925346,12.8755941,3.77207879,13.58427445,18.71492402,3.119353071,2.409398512,8.47411983,5.527433106,9.521827373,12.88050126,5.246437268,18.77047597,16.95711986,53.13889088,41.10549763
8.49437349,6.662590979,2.508536822,12.41776463,17.3882025,0.727452657,4.033688967,25.91496804,1.881858834,4.575101458,4.858523736,18.55974706,13.37422865,20.81722127,31.65923567,41.12283823
2.316879671,10.38413043,18.7498011,11.73704485,18.78082513,2.361224782,2.57654819,3.359983986,1.404962657,3.626135765,19.60721813,18.6264103,14.40665176,30.13310963,46.70158039,11.41803499
3.563744383,5.377000665,19.34088591,12.08039207,16.05770088,4.169271638,3.89048309,11.98470968,3.72480735,3.332189089,3.405388847,17.22358521,15.71451122,27.32431368,22.45517737,8.396037297
4.139444221,4.669331704,3.307527423,11.10156325,16.21332237,4.437194047,4.74814702,25.86641698,3.794451806,4.940688987,3.39913781,18.47928369,15.99871975,26.80201303,20.55653451,39.06935013
9.740221663,12.53315565,14.24641976,13.58630093,18.17735548,1.860281671,4.432222517,3.573308857,3.589289081,2.532093064,20.44986421,16.66160816,15.03866316,16.4367625,55.99044843,18.64008724
13.57609212,1.726528077,5.667380573,12.4815548,18.8245854,4.140988263,2.947358669,7.501006211,7.574816689,27.64892293,13.51341702,27.93657801,20.09445289,13.0382176,11.50432037,37.5051842
0.139530674,18.75321005,18.43689421,12.98492733,16.46206366,1.811940232,4.886042394,5.934751186,1.813495285,4.84284045,19.40923814,16.66070685,13.39033719,33.51438777,75.74836888,8.335811113
3.622786708,0.14553754,11.58020785,11.53264267,17.37289042,0.297831934,4.156098361,12.79183894,1.892428783,2.984266048,3.376327733,16.8831011,15.15614328,27.11021877,1.706155356,22.56211059
6.741982201,12.10218197,18.22145011,12.52966293,17.64592699,0.51241549,2.311110612,3.294302315,2.201836537,4.023267659,21.70093099,18.3166257,13.90284187,21.41470215,49.12009642,12.04725471
7.796298313,9.259862019,8.699432737,10.55864061,16.53938675,2.847698437,3.28413366,26.09477753,2.379573639,4.17409981,5.242006561,17.4425148,15.12993298,22.10918933,42.50058231,29.88519005
7.440848451,16.94366806,19.79821593,13.81784463,15.86264524,1.274218526,3.154198856,3.906970252,2.347290437,2.039589064,20.32562391,16.45943867,15.77172571,19.28642532,73.3546201,5.834041764
15.50884333,18.53031756,14.0934691,12.36769973,18.70664798,0.908852691,4.638385788,8.812935551,6.397444008,8.296434412,13.11524399,11.30114669,19.61065213,8.73533128,79.48794295,18.7523643
0.565143436,17.28510683,16.04946086,12.04464575,18.79092511,3.936337334,4.784925534,3.376217933,3.044662712,2.302501843,20.07630148,17.29902197,13.66836774,31.58012153,73.65287452,13.05954707
3.623787257,2.01332507,17.70722647,11.93851199,15.81696572,3.09781102,4.335166503,10.801916,3.825797963,3.672908997,3.607279746,18.15737978,15.12601162,26.1470979,8.785713645,13.29931943
11.07620538,10.94325236,8.836096136,11.90430345,18.48067431,1.161067795,3.989887616,6.519041769,7.831333821,9.266883147,12.2866806,6.989750318,20.42557242,14.05573727,45.85253241,29.18873786
19.21203375,8.854931396,14.2739514,12.40516243,15.4190498,3.732445654,2.591268314,8.343069026,32.19973017,11.25216308,14.8615817,27.81112006,6.672301743,1.73275715,40.81950855,19.3626512
17.95511718,17.66183131,5.127456597,11.78475265,17.07986442,2.570559045,2.952605265,6.240155365,6.915181203,9.592344969,12.27896131,6.831663691,20.81389713,3.959395125,75.36436377,36.71041193
1.27901634,4.607905786,6.660063695,12.24051854,15.03133274,1.137757433,3.706323658,27.05053144,3.376005799,2.234943973,5.062726997,17.29137284,15.44852278,29.09168068,21.85853597,32.81660725
2.135691896,4.63887764,13.71770392,10.76709349,16.04703541,1.091589774,2.785707563,12.02619515,1.04537226,2.621391098,5.687427942,16.07318638,14.58678624,27.46445056,22.04736436,18.24434017
17.73643429,2.275505842,6.723096888,11.32969119,16.68757227,3.100959347,2.211478037,7.463504051,8.745423896,27.71961382,12.44921981,27.28375611,21.2274402,4.079706227,11.91313362,34.03735661
19.06612265,15.98627607,14.57034487,11.02992535,18.37616496,2.219295453,3.003941524,7.457187081,6.749097444,9.132566636,14.36645193,12.66637839,18.95976591,4.971888804,64.72820846,18.80648855
8.296615822,7.207271344,3.469091698,10.01367835,18.89815686,1.143262874,3.804319139,27.29527036,3.492097367,3.44839323,4.434772303,16.25944118,15.08175546,17.62760758,30.71028871,39.82312268
12.23928221,8.129331876,7.437192438,12.18896441,15.4398372,1.235950853,2.535696061,6.100820833,8.812820796,28.17509803,13.42763401,25.05696005,20.15183471,14.54251347,37.03671334,30.80828602
2.598814997,5.802662386,11.45193207,13.83997575,16.16640667,4.051969399,4.919663792,12.66958172,2.182184568,3.052313205,3.288966582,17.64031218,15.0263575,28.84386068,24.46913248,22.56625452
1.3167777,18.10259923,9.210455675,12.68172117,15.94825341,0.548409799,2.708204856,3.340222812,3.094900593,2.738351058,20.68174837,16.01096531,14.14807046,29.42529662,74.64819549,27.26759725
12.54893773,9.083282773,16.16210851,11.50562075,17.56437803,0.585645112,3.028109534,8.009411285,31.98642998,10.981844,12.81067852,26.35808232,4.21596346,13.5765791,38.882398,13.64612641
18.21937299,14.56289597,1.631186667,13.97066036,18.54997287,0.450835983,4.746840878,7.17776486,5.703043612,7.850754553,13.15637002,5.748945046,19.93600375,3.557954712,61.41564137,44.46932228
14.86384356,12.57528947,4.621976378,13.86744603,16.29173226,4.859270697,4.222946062,6.865063261,6.875567949,8.015006992,12.88615751,4.474335153,18.07255,9.800845964,56.1254201,38.28778565
3.321276769,15.11233357,19.63792995,10.8433785,1.5,3.503374962,4.947244958,5.97498489,1.923329195,3.67163624,19.83271048,17.69460635,14.6464448,26.86542624,65.80878514,9.503801478
19.04957975,16.01936966,4.996765366,12.78715473,15.69362326,1.680893499,2.286309902,6.267713264,5.64637524,8.516720271,13.52393468,5.664880924,19.07014036,5.404206071,64.44902692,38.99500993
14.34065223,4.552501039,18.1267253,11.30744856,18.02403015,1.56486667,2.828403172,7.466132533,32.40046002,10.33818107,13.23793443,26.09401269,6.057988563,9.515733921,18.53563827,9.968876741
5.061443869,13.16290188,14.38053216,13.2801018,17.87868383,2.165089226,3.49592646,3.915985317,3.256026017,2.430905637,19.01515485,16.43290383,13.6853138,23.52903873,58.60660148,18.3622293
7.05160251,10.94032269,2.190134857,10.12814437,17.72162069,3.311118505,2.726554889,3.440094488,3.110567272,3.542839044,19.59630183,16.60245138,15.72091511,20.66932497,47.26698042,42.79978178
12.46864256,7.675651993,16.40763722,13.37216487,15.36399275,2.710168473,3.47460341,8.876150109,31.14935439,9.914906341,14.00901827,25.30589155,4.764611254,12.42644292,31.55128243,14.45416228
9.128633238,2.43466525,11.214211,10.16845168,16.31961442,2.266466801,3.538215584,10.44066215,1.516039672,3.396168184,4.743589469,17.40608558,13.37161554,16.63013164,14.62237332,25.80756936
15.62471625,16.4278573,9.735117801,12.80769198,17.64252786,4.127023265,4.626470597,6.849160776,7.973517841,8.546597159,12.41142384,6.892131391,20.69636606,8.393985192,71.53411148,28.77849724
15.66036581,5.957648626,15.89401773,10.34570812,16.50144683,2.521364426,4.94574382,6.526123031,31.16298052,11.43519221,13.86606498,27.82605058,6.060466472,9.126288257,26.86038199,13.64007368
15.00813926,6.544367912,16.58443396,12.09190309,16.53075887,3.477095183,4.860702191,8.994342757,32.6769103,9.460922579,14.46682658,25.30085883,4.208374385,9.575068453,32.02361013,12.23454216
5.422366495,1.754735619,7.571365438,10.63787247,15.53998986,1.971744344,3.183656364,25.54397848,1.60099661,3.004377242,3.273815808,16.17264167,14.69541703,25.75938916,8.71516963,32.10599352
9.782976932,12.7151129,13.94167769,10.28713969,17.40485895,3.829961016,3.013493087,4.201092537,1.679068638,3.243296447,21.43731754,16.72262133,14.14241692,18.30601358,53.66832494,17.13845028
17.45641633,18.42135948,3.698347884,12.0491134,18.79380309,2.080195703,2.697638745,6.553308978,7.649324532,8.430394588,14.49457015,4.931568656,19.67206851,7.048252505,75.30445023,39.27846284
8.249493647,4.305697074,17.29086788,11.27236739,16.06565591,1.546823101,4.18532365,10.65591187,3.276939941,4.896931904,5.565588268,16.95778399,14.88749354,20.89402733,17.31948772,11.73834709
13.09656887,12.27312307,13.81960073,10.65576498,16.91545719,4.225511482,2.854761221,7.686011121,6.088491274,9.390930994,13.45102202,13.10332961,18.68756338,13.65862942,55.08714947,20.8674675
10.78724951,1.875267647,10.51158176,12.69459259,16.1381208,2.933922437,3.401769591,7.095182062,30.14785349,10.77973576,14.75437008,25.4999786,6.758646467,15.64173999,12.4358661,27.91853113
8.011590614,15.82924384,1.36562123,13.91911294,18.05037133,2.507008789,3.079567134,3.89451905,3.622658656,4.260506245,19.19009386,18.15072147,15.46358368,21.70384965,64.24637958,45.15186333
9.935314777,15.44915459,4.171395698,10.10134697,18.57053362,4.324058544,4.341317356,4.6856494,2.418142912,3.73155016,20.07800994,17.11171511,15.55281222,18.84206486,66.24317647,39.40503605
2.032470946,8.416462029,10.23818225,10.63470593,17.9090129,2.694069198,2.36976838,11.67439019,2.771778709,3.361514691,4.204143979,16.74308715,13.81296082,28.71480474,35.8021207,26.04519747
16.28968167,1.190750203,16.27460033,13.46960764,18.14744586,1.056588435,3.79601628,6.934627152,30.31069807,11.98582393,14.45545956,26.05625663,6.366506163,7.35807512,10.48601547,16.27211513
8.009149926,18.41638378,0.204059118,13.39707779,16.87098091,3.688364407,4.648951619,4.583607429,1.616760118,3.843899479,20.55358267,18.64588604,14.66094828,21.14940129,77.35601409,46.54984361
5.370363448,14.31614791,15.61462543,11.41321137,16.84156371,1.711735177,2.699897432,3.993347415,3.638107306,2.504968843,20.58937413,18.52093246,13.67970833,23.78826434,63.09272496,17.225173
3.625879002,11.86767016,7.180768008,11.56866537,16.42847927,1.566845586,4.314698965,3.552950273,1.547672902,4.729972498,21.99662032,18.41981684,13.11801256,25.06376024,49.90276708,32.58323381
4.764897244,6.366145606,13.10717408,13.54681419,17.6782079,4.353964658,4.044719196,10.58394805,3.972695353,4.284732543,4.573811939,18.49251195,14.07727333,23.45450911,26.00249523,20.32686205
5.541994591,4.086072127,18.09227096,10.7288142,16.59954076,2.315547557,4.916713034,12.76961392,2.2434136,2.607553752,5.85397889,18.42999828,15.78594361,23.69411627,22.28700614,9.890859867
2.613697443,11.33106057,15.49904795,11.88742845,15.17121078,1.13584077,4.890188693,5.072544771,1.3897335,2.717246684,20.7382245,18.92026553,15.99270071,28.90768133,50.58149731,16.17881017
9.911754447,14.36903413,17.92271563,10.81415159,17.70921591,4.185863434,4.424228592,4.478403706,3.548787065,2.005066946,19.145678,17.85008985,13.95150466,18.62516086,58.35259568,12.75846255
13.64258128,16.72185443,3.214397132,12.51962461,18.83714264,0.185016986,4.146992855,8.597193079,6.399331084,7.066661542,13.72892791,5.857675243,18.26354776,10.72654398,72.51003998,39.00789307
9.741094028,13.89770519,12.92998941,10.00040274,16.91193668,0.50378177,2.596692199,3.990559905,3.076201479,2.101600469,21.04542754,18.72038103,14.87116327,18.95704236,55.6501968,20.05608966
18.50919104,7.718854476,16.95386623,10.68227487,18.06903232,2.739047941,4.915185975,6.921817099,32.05458857,9.812438658,14.80902192,27.83830487,4.56008594,2.259596292,31.15240665,13.01819254
13.84080864,4.89007413,19.51461774,10.51431747,18.81036524,0.128355687,4.969211821,7.917093091,30.66203925,9.199973449,13.95531142,27.11612803,5.812137952,11.0288335,20.37389851,9.456803732
3.533535617,3.759598658,16.44131549,12.25406998,15.98767655,0.672853985,4.692237251,10.06808108,3.980100635,4.994729655,5.381230337,16.26640376,13.50217706,26.65871812,19.81389963,13.61563971
5.416847001,8.576142353,6.479320423,11.58131038,18.64143016,3.802698137,2.70279034,27.7742862,2.659504536,3.102138382,5.856495254,16.13094563,13.8148455,22.88430159,35.95975005,33.78393634
13.2007174,13.90661816,7.799233901,13.68778002,16.82552841,1.008258306,2.227684848,6.990272135,6.256378244,9.595612851,12.9288857,4.681537218,18.58768349,10.50996672,55.93807214,30.48971266
1.394767588,3.241492369,7.469464195,13.73219151,18.1283509,1.403780927,4.74643519,25.5111072,1.715874252,2.982495698,3.104413437,18.0017909,15.76676447,29.32346502,13.90322939,30.43377845
7.019537919,3.452577511,14.76392773,12.95894134,16.57115656,0.385561144,3.644338564,12.6761904,3.830480137,2.041489795,4.875589986,18.83147287,13.41008058,22.33160618,15.27343978,18.30768881
11.97166695,18.96597393,5.444102224,13.67085795,16.65999357,0.592805326,2.353612037,8.359494857,6.211679711,8.668305069,14.06847005,4.39241686,19.50683746,13.49633451,78.40860556,36.66583673
2.589674349,9.475040641,6.000575345,10.74891612,16.95312112,0.072122168,3.143697983,27.58840639,1.82386019,3.418037367,4.617539275,16.51037017,15.47644455,29.968626,42.50313958,34.04143396
11.97982414,12.38718339,4.524982512,12.31518308,17.53393102,4.486611959,4.539589163,7.648071103,5.663160062,7.044796982,12.94193399,5.678296002,19.79865721,15.32949891,51.05904286,36.58828684
9.277155629,18.68365208,15.51153866,13.73838217,15.74998773,2.003063287,2.113761328,3.44082184,2.6329129,4.847598297,20.21126166,17.90581799,15.07539449,19.39367306,76.05619513,16.54791153
15.54208372,12.0942792,11.43256812,12.55463702,17.13588964,4.477388778,4.579898596,6.203546707,6.123453474,7.310909444,13.5172185,13.24956085,18.87621253,9.553812456,52.44760676,23.89713744
16.02029153,10.2148055,15.91359557,10.19160964,16.05833143,3.867996056,3.137260009,7.955643137,5.82993237,8.498532693,14.63341952,11.00458776,18.04017889,9.544798634,46.52963842,14.57016112
19.95900823,15.20401624,5.073033348,11.83688276,18.10035012,0.257471151,2.426216088,6.148535543,7.678818599,7.826718105,12.14106165,4.921992218,18.8156795,4.05452112,64.72407612,35.86128676
18.34400706,3.177361723,18.98238473,11.08070364,18.62413774,0.120829096,3.809030734,7.569488474,31.27238502,9.598554322,14.65840397,27.4242001,4.536884516,2.596160548,12.99706283,7.188195063
12.67502216,5.060764846,4.048187148,10.68143666,18.33587002,1.193228282,4.84614731,6.047606375,8.837852016,28.81749262,14.61730585,26.31771903,22.29425615,11.36014334,23.84915882,37.13162584
19.54509536,0.818407173,7.085952942,10.19441268,17.40149278,1.385725575,2.678285094,8.475560304,7.573082627,28.14861302,12.73907658,25.92327151,20.00834825,2.858151968,4.410837526,33.73064434
12.3698754,2.967802345,10.98431055,10.84509401,16.19481837,1.303267081,3.328709249,6.327539218,32.61479763,9.519326774,12.56067091,26.1889451,4.803227292,13.33419969,14.03536995,24.70437495
12.0230242,1.237106995,9.525329853,13.14874831,18.94179662,0.547333401,3.515079683,8.757944589,6.654156599,26.8646016,13.67194727,25.25560984,22.08533089,15.61831329,10.89393215,26.30590546
12.31170528,18.0310181,9.963739621,11.26043375,16.5671362,1.498343952,2.223808113,7.599608416,6.562789122,7.693872615,12.16837218,5.73723662,19.06992781,14.89009002,72.59170603,25.46374005
11.45233502,19.10175488,5.096355255,10.94164609,18.33084306,4.812487261,4.783883434,8.091716833,6.113069219,8.034594924,13.71735434,6.322281967,20.86195087,16.7284181,81.4110258,36.70216282
16.29082413,19.2138206,9.941356968,11.83258134,15.87386559,3.913082639,2.600837089,8.36954064,7.975502005,8.352493713,13.03222014,5.28290919,19.4692495,6.917549424,78.6639801,25.12917673
8.615103122,11.16196928,14.70365804,12.7074015,15.62810385,3.152320769,4.269563101,3.78241626,3.175219207,3.447623726,21.75857133,18.01115497,13.71729546,17.38172386,50.28242919,15.91937581
10.22175853,7.881892632,13.86071428,13.17081523,16.27235849,3.414305222,4.422924177,7.047990996,30.86699247,9.649195704,12.23341499,27.17313578,6.987372346,18.16617832,32.42012256,18.04756213
16.23757308,14.22520211,11.74890649,12.46440853,18.35708779,4.427928385,4.339522661,6.495707026,6.331397558,8.007807457,12.64168698,12.4562557,20.25379622,9.378368986,62.29075546,25.4696364
4.142934574,18.86178937,19.4716536,10.68562044,17.64089389,2.0003676,3.043773532,4.676406519,2.289153166,4.428182399,19.37771041,16.16484642,15.16031261,24.56963048,81.06270155,7.687537842
8.192422102,9.995416253,8.640971766,13.24858419,18.14954274,0.565671183,4.640637239,27.17996385,3.823415985,2.322321585,4.343254828,17.75496072,15.09508509,21.70757257,44.17918307,28.55649156
5.643154598,7.309208642,1.454548891,11.78394101,18.39066804,3.307972259,4.870357631,25.17629825,2.838120979,4.2595904,3.675543733,18.87469319,14.25306842,24.69421487,30.2209604,43.76479489
17.47544178,10.79724043,8.508087342,12.76413967,16.74893695,3.61616317,4.442347284,6.650102191,5.406916127,7.879951789,13.34370798,5.233988677,19.01588563,6.057639811,44.02144638,29.25248528
3.778580796,5.473775802,1.267683047,12.1966919,16.25228641,0.037885914,4.814543011,26.00500629,1.469920558,2.911642039,4.39899365,17.87678162,14.283808,24.37435349,26.41089523,46.07907339
4.067175286,13.0485952,8.792995088,10.30437874,15.79055601,1.15148607,3.776998385,3.666406093,1.004459633,2.740307737,20.71670286,18.40890129,13.98484287,25.69598968,57.71573308,30.45763692
3.268463018,13.07482971,17.95921764,11.57294766,18.22919875,2.692235718,4.128432197,3.195920103,2.597183656,4.389294027,20.47889822,17.97615683,14.76982601,27.6250529,57.07093704,10.52161601
6.834364139,0.640018371,12.96357145,13.44177993,16.16246711,4.369613547,4.374373953,10.81683936,1.6842954,2.382429371,3.502260189,18.55194507,15.05930967,20.76138591,6.144190558,21.777242
6.181162298,6.334039698,11.35729903,10.10509469,15.27892287,1.077527306,4.265603462,11.81466354,2.229959401,4.575914441,3.98923037,18.63227406,14.13455212,22.48530809,26.20936159,25.66360594
12.88808236,8.919233314,15.37937512,11.19831498,18.56646816,2.906010149,4.456057112,7.928944685,31.41442319,9.127162554,14.65520583,25.46029499,4.355778575,13.21656699,41.4237072,18.02462771
16.94904583,6.458804369,2.85535141,11.30534369,18.54923718,0.32923341,3.531506763,7.918930312,8.896357639,27.5874187,13.30289677,27.42653878,20.10759523,6.458626333,26.06191308,40.77403876
5.885414625,17.42597709,0.528875197,13.92904204,18.27091524,3.271532397,3.357377047,3.456753178,3.197222061,2.884941384,19.64604613,16.83306459,14.51574407,24.68837561,73.28426894,44.1761447
2.206942286,3.808995705,16.22135713,12.89943232,18.38471299,2.688219739,4.428412456,10.66225106,1.639504478,4.212494386,3.580034998,16.17878434,15.19667213,28.92515582,17.12696926,14.99860793
17.17478769,3.765792441,9.96534433,11.63046766,17.36902284,2.101797845,2.694607595,7.005207282,6.952221086,27.58058526,13.9847746,26.30965432,21.72897584,7.195466422,20.62188375,25.42082379
7.816004835,18.54687238,3.91972657,12.28139799,15.87584522,1.419237147,4.661490612,4.149420633,3.930209489,2.163182859,19.53282885,17.84738626,13.66436373,21.44257679,78.79869346,39.37361649
14.30218158,2.351775164,18.75233366,13.74563319,18.89674035,2.602531561,3.491683828,8.602606971,31.12177579,10.87761931,14.63712006,27.22536559,5.120832745,8.732373602,10.33056027,9.063657316
8.476867848,17.00674261,19.81221189,12.48373001,15.70438884,2.476138387,2.08390489,4.622002781,1.551092198,3.20084754,19.74194907,17.57941942,14.62816914,17.50677767,72.16811403,8.495615915
1.083386773,16.9197605,19.05174537,13.12276198,15.22412958,2.782933543,3.468305317,5.155226389,3.037064997,2.647223233,20.527114,16.87790817,13.70157034,30.16648777,69.06343432,7.015526942
11.37291077,8.833399301,8.386512392,11.45977736,17.44340685,1.742003969,2.570200981,8.474491267,6.441416513,27.68623143,12.86151002,27.25763848,20.07429498,15.87366852,36.58096395,29.40637079
19.01382873,19.77092512,3.881543224,11.32623555,18.94230389,3.903329206,3.742719828,6.150457876,7.661194293,8.540224444,12.67751272,6.946523603,19.95558854,2.079538798,83.86278851,39.77936137
12.3977522,16.63321708,4.563568839,11.09375034,16.93202807,2.606735731,3.922187897,7.848525362,5.67718754,7.740169028,13.75070229,5.117488305,20.03705674,14.54949316,72.33449408,36.24244533
13.09386449,16.09125831,17.96052281,12.183008,16.39672501,1.2680746,2.15654007,7.604621821,5.45795086,7.665008917,13.88772152,11.76166484,19.25591891,11.48190062,66.33257786,9.403240104
11.91519025,4.236100416,3.029264335,12.14501653,18.80477871,4.54763551,2.239673255,7.291221943,8.413410513,26.69398234,13.18720505,26.80367833,22.1893248,15.8949352,18.56894737,39.99861384
2.974806481,13.28824166,2.20988054,11.04462825,15.26973921,1.279253462,4.896971507,3.475950135,1.796817012,3.474422202,19.07787314,18.74722661,14.57965053,29.19602863,55.76916383,41.27541403
3.137830658,6.565591987,1.460818497,10.97325015,16.97698942,3.811071164,4.284883321,26.94724659,2.377884333,4.684069499,4.042563174,18.06355378,13.12612202,26.51248854,30.39839389,42.26312124
0.078870018,18.82615125,8.351040808,10.3484843,17.68757505,3.240880615,3.382783722,5.219440391,1.373074758,3.556672328,21.8841566,18.97296507,15.06564853,33.06751731,76.1757111,29.30831928
12.50307374,12.00453924,5.553257741,12.0503715,15.51913789,0.004599895,3.361877537,8.187445461,5.464193044,8.576141628,14.96146717,6.8250541,20.55835601,11.32765931,49.00690932,34.5302254
16.30163072,12.02340813,15.39411215,12.74227012,17.69624635,0.025939728,3.219810591,8.355281852,5.737446851,9.832014562,13.53236406,11.99620613,20.07482973,9.290817,49.12052386,14.31804617
0.540318845,16.5128653,8.839114501,11.87867416,17.40397502,3.715268142,2.344365991,5.344479813,2.34932299,3.631562828,20.99002087,18.40964896,15.9112143,29.40074729,69.3344986,30.45430347
19.58529111,9.057701348,11.71168535,12.83050686,16.63112475,4.951091737,2.499856426,8.214272403,30.44948789,10.67921244,12.92732256,25.67881614,4.083265171,2.192049432,36.6354411,22.8828809
2.604414731,1.276381798,6.274784583,13.08574781,16.27263261,4.295110705,4.379536949,26.07878202,3.019826122,2.023526379,3.430579949,16.44849872,15.23911105,26.84085732,8.986184231,34.09159676
9.812805261,17.41189061,0.392672232,12.41852826,17.15345627,1.913400319,3.636111638,5.371971384,1.933892715,3.321715406,19.51021125,17.69671096,14.76952823,18.34338026,73.66248527,46.75020215
5.278255831,12.92923423,5.110784435,10.96483396,16.60529775,1.147286861,2.127659258,4.146594982,1.579434036,2.2586039,21.53837129,17.52217781,15.11579114,23.69575613,52.56357339,38.06330037
0.636611803,17.00283274,14.23521865,13.61583815,18.14963186,0.701842963,2.717146813,4.099902812,3.881290737,4.038595923,19.23494498,18.03593223,15.76204484,32.94697216,68.03386969,20.41077426
7.33763598,0.040297173,3.657753023,13.10333589,17.9955808,2.425699642,3.272434815,26.24814066,2.815995353,3.209935618,5.862821418,17.90762328,14.8325107,21.03796267,4.4459447,41.40583377
8.001094193,16.95058866,16.67257777,11.87030912,15.55454392,2.69429406,3.132309597,3.391399144,2.21728195,4.600628506,20.71511177,18.0600257,14.46782026,19.21087012,71.80632811,15.02072839
19.30921119,7.826349965,10.82511002,11.0113106,17.06636327,3.273793922,3.704190764,8.544730358,32.95078038,11.47040648,13.5314,26.90064193,6.790755864,2.982042656,37.207492,26.84415794
0.80607201,6.331944632,10.6867701,13.82299127,15.38666321,3.371786762,2.361687079,11.65434267,2.62249768,4.040031011,5.512987838,17.78074716,13.64847333,31.02572635,26.41114333,24.96319723
7.28237571,19.64043297,16.05516934,13.97090778,16.72687057,1.642885742,2.171280548,5.904206543,1.504770365,4.866301234,19.26085114,18.96337427,15.18011892,19.97565023,79.93448675,14.98824516
6.258275413,8.333299899,8.700759595,13.87918795,16.64907282,3.048824823,4.147934747,25.42251461,3.941265066,2.556327061,4.154138434,18.07998316,14.93910038,22.6726423,38.8853988,28.48650894
6.264294325,5.950556299,7.912252827,10.90511498,18.33897787,2.71153439,4.156941484,27.59303018,1.253299871,3.212895333,3.198891527,18.03420713,15.7592594,23.65851449,29.62342991,31.60923383
3.932838426,5.688253664,12.66128421,10.25417147,16.11871283,1.935106303,3.666963412,11.08906344,2.81007071,2.392674196,4.277127938,18.36669204,15.38356927,26.41926078,27.78869299,21.69450834
1.307771822,4.543969442,11.14495943,13.51499756,18.56351662,0.50250528,4.599064696,12.55171104,3.037527572,2.895682164,3.05297956,18.3820956,14.33603531,30.80702018,24.12237479,26.60650729
8.442960304,8.750430928,6.327917793,11.41454199,17.50338259,4.316100581,2.886331832,25.26497907,3.4048553,2.262555361,3.178332142,18.10932089,14.37039368,20.60370963,36.230544,34.80020643
8.155934305,1.659946314,9.84671531,10.93520251,16.47763455,0.538207987,3.767590314,25.12775749,1.708421762,3.963152205,3.189270508,17.74186314,15.62673629,17.95858301,9.959910865,28.22598827
6.678580966,0.542846739,9.505391956,10.85858925,17.90073995,2.585023922,3.918427527,25.44847178,2.034188016,4.460028873,3.448383073,18.42575874,14.7283242,23.60873396,2.825706882,29.28987741
4.904779271,18.76711691,7.480600727,10.61157785,17.14427694,0.938521595,4.783103012,3.380251241,3.570499535,4.06014999,20.02489798,17.56293781,15.08489992,23.90774202,79.25659014,30.50828755
4.54310748,19.32803317,18.65186976,13.30167861,16.36121403,1.253290592,4.758973338,4.731653959,3.998986643,3.555918903,19.82701633,18.22100192,13.96176298,26.9142137,82.54426321,8.693831657
13.89921624,16.18594876,10.61633551,12.22830871,18.47536629,1.248281532,4.475351704,8.077458022,5.132747888,7.697172361,13.40187725,11.27568821,20.11541946,11.54547648,70.67987935,26.49489364
10.32611696,16.50503214,6.199323986,13.28304372,17.93976885,0.581249896,4.93597637,8.630761034,7.688534414,7.142170492,14.90144719,4.311025033,18.1188714,15.90291559,70.7082112,32.76684943
9.780189619,10.1098687,13.04646979,10.5165364,15.33094044,1.996723549,2.377809742,3.540335871,3.627147634,2.986926021,19.50192919,16.77526948,15.13253308,17.89336831,44.47209627,19.36473932
19.40402618,14.97551417,2.850214877,12.40065995,15.83948417,3.041437844,4.824550738,7.37742746,5.508283839,9.177483263,13.83751559,5.020799392,18.58675412,4.430717893,64.75790024,41.26058349
13.95988971,10.91515294,17.64804785,11.42211878,18.31623433,4.800621673,2.246043352,7.744270422,5.220505438,8.636693442,14.1227152,13.34828123,18.04921954,9.955010109,44.51155934,11.7692135
18.54589966,0.969483964,11.15499437,13.88479758,17.09310361,2.044706177,2.125036982,6.469390068,32.12872234,10.81320346,12.74678585,27.90217251,4.401278303,2.349696115,5.320813788,24.47669887
14.66184213,7.757425491,7.453904543,11.56214925,17.87773018,1.793222535,3.414771417,7.378304566,8.167807858,26.98017541,12.56442592,26.03893008,20.21435177,10.69928127,36.32595539,31.27820491
18.44808475,0.845938333,7.987880076,12.74991339,18.92228419,2.173823113,2.828741091,8.805901058,7.436723619,27.93570989,14.13930155,27.11790609,21.63605712,4.079326595,3.407482989,30.9696995
9.364696591,1.936081029,16.11184574,11.95387114,15.07510911,2.259855588,4.87844287,10.03011107,3.320729502,3.841864751,4.742037943,17.60007441,15.62562792,18.50580564,9.898479248,13.18496045
10.8646037,0.739869744,16.65748516,12.90520374,16.62543182,3.622441502,2.629371307,6.739451866,31.8364459,10.81012149,14.70446443,25.72769676,5.922388681,16.80395553,5.345325915,15.44572492
2.619162601,8.110331542,5.250959183,11.00265367,18.64642681,3.803968486,4.616637003,26.20772771,3.269524188,2.806333554,3.161797038,18.98437709,15.00003548,26.62050074,34.55840201,35.86553303
8.030428698,3.756444045,4.458945523,12.08949575,18.71005234,4.686415338,2.203945451,25.24323185,1.718981128,3.057197728,5.723608312,18.79516844,15.46392833,21.25085067,20.99967581,37.67441085
12.62603463,13.79776729,17.54457102,12.3403421,16.54934011,4.184069772,4.841495671,6.163339451,7.212560403,9.254420355,13.72529984,11.6371567,20.15444781,12.93540933,60.4218615,12.0368594
13.58454931,12.87275418,2.860011346,12.90134863,18.24824085,2.867813518,4.846985693,7.915790972,5.280370634,8.881451742,12.55613738,6.259357658,20.65903034,12.38057787,56.70991967,43.07985143
13.88816826,12.9017884,14.656091,11.57858471,16.16195541,2.915270947,2.354497478,7.954047113,6.913669497,7.65377035,13.48353486,12.40742462,20.09080225,10.60446492,55.77004717,18.72060954
15.63507035,5.302059119,2.922940272,11.27865186,15.2272896,1.162486738,4.785196376,8.939853508,6.21930156,26.94959272,13.840022,25.6236814,22.26060514,10.03664382,22.41020605,41.2697411
7.772977399,13.30397921,19.85499351,10.57074513,18.50925946,3.230595767,3.439059845,3.970820088,3.37576208,2.19327034,21.58671531,17.12794186,13.40980325,20.66838205,57.78408447,6.191760417
15.87715257,16.71627693,8.778733161,13.92950683,17.20075429,0.11554754,4.343759058,6.672565838,7.988285029,9.536463821,14.57652177,4.286455356,18.47356785,8.490485547,70.12493622,31.31586813
5.587831523,19.42620358,16.1566701,11.78946552,17.57240063,4.464824473,2.683597391,5.018924088,3.962465769,2.659782707,21.41601258,18.16065789,14.13171214,23.57530288,79.66912656,13.91599796
16.14137431,14.60221415,12.79458109,12.75046817,17.24660535,3.77867471,3.277661292,8.870678739,7.804979233,8.494826717,14.68619601,12.6634162,19.79375108,6.328786041,60.36371948,21.85100875
13.67677126,16.48487887,13.02311571,10.51414409,15.72718043,4.336175595,2.622005947,6.818600518,7.908136472,8.740530822,12.95431011,11.34958871,18.19911163,11.19721699,67.80308188,22.74457103
10.88731763,10.50723894,2.5278561,11.53857198,17.50547094,3.664211096,2.35194732,6.657033094,6.609571011,7.080224872,14.55373343,4.527499707,20.1907645,13.9021267,47.63249362,43.46508189
12.91135839,9.711196784,0.987115024,10.24116498,16.04709281,4.368572844,4.945391101,8.695729335,8.059534057,26.75516525,12.73530441,27.63717271,22.67347997,14.09213618,41.08477188,45.03001875
2.463211439,15.8485883,19.16030259,12.14119139,16.51736136,4.140544021,4.879680642,5.470564891,3.735330257,4.298545212,21.20302459,18.07981922,13.19156075,29.62876427,69.15094587,9.26539889
13.23523617,19.2470666,15.79868497,10.60339369,16.39562378,2.482836177,3.811464387,7.143344641,6.323915598,7.413373647,13.4739505,12.83197145,18.32216163,10.89125546,81.26902607,14.13231238
17.74199326,0.226634753,1.818452202,10.63198677,17.11287773,4.059731731,4.453089854,7.607491838,8.672824443,26.92730429,12.92185297,26.9607303,21.00421146,6.539633435,4.354035944,44.21046239
9.994452227,0.582724786,5.133183805,11.01492486,18.83407016,0.047440147,2.838206613,27.35871937,1.611073378,3.373278713,3.258150996,18.71611292,14.36924311,15.58129609,7.634359625,35.71635771
19.87718385,5.758055339,10.39733213,11.18896949,15.76641147,0.68091651,4.763911563,7.938148325,32.31861931,10.25684141,12.8655393,27.66424909,5.584255874,2.508745914,26.07270055,26.71876453
16.39781326,13.52853737,12.44825324,12.04353944,16.9888971,1.818679795,3.228875791,8.227850439,5.453050315,7.780090147,13.06571731,13.53839992,19.52221865,6.844962626,54.50085473,24.00122632
5.737709976,19.68462952,19.5140151,10.97696655,15.01431955,1.893287028,4.212592452,5.286225471,3.564546568,2.968183995,19.74327777,18.72489849,13.89724174,25.20889548,81.89288468,6.864856006
12.70244536,17.63671873,19.14511861,11.82279391,18.17117982,1.272968086,4.091531842,6.877959366,6.212596142,8.330456277,12.91610581,11.277356,19.75710996,14.4460543,71.7786755,10.45891429
16.20138142,3.258451382,5.924764384,12.72699266,16.92560527,1.880937075,2.658904575,6.728508738,8.087278896,28.61957124,14.08882325,25.40973795,21.12190272,8.822654367,13.13751001,35.87046529
2.079789883,12.54188679,6.853743677,12.08476292,17.87876996,2.457834238,2.295950461,5.176270008,1.548731174,4.585614258,21.0332753,16.25920121,15.28003107,27.7700994,53.03953958,32.69964875
4.939410647,7.655003601,10.58711495,12.40060985,18.00575163,0.978960446,4.719733118,12.34818715,3.413014702,3.439583382,3.171161186,17.3278131,15.180833,23.94107926,34.53952899,26.11705909
0.61978662,8.976659693,16.82469379,13.69778004,15.45151735,2.172225252,2.644708631,10.8322167,1.30271186,3.984534926,5.751359269,16.09090739,13.26938772,31.95392469,38.11577325,11.43239425
10.17642544,8.124708541,15.00819941,12.00123197,18.69959041,1.369738236,3.501848189,7.292191051,30.24892792,9.925511257,14.99988148,25.47825809,5.214751889,16.89851897,37.47551975,15.81397765
16.21922875,16.61855415,4.613816853,10.8478375,16.55400639,0.86564016,2.823138408,8.688636489,5.167063376,7.585449028,12.20462372,4.333130127,18.92862762,7.283318399,70.31301695,37.58768438
19.64530585,11.51205424,10.98105715,13.1199432,18.98530559,3.772829147,2.510976658,6.785268025,5.098693157,8.160788341,12.38697776,12.23516938,19.84796851,4.278393156,51.12224432,26.14688073
3.512140539,16.0243618,5.950268312,13.46904912,15.9786878,2.075374792,2.248383021,3.618333452,3.819054273,3.01487628,21.0276816,17.98382376,14.51381835,27.39209904,68.50380726,36.87900834
10.07513639,9.999609819,7.66121844,11.57145933,17.78742535,3.63817743,3.272344835,7.953879098,6.458449514,28.38770219,14.19223493,26.53041326,22.48736436,17.80677925,45.26677579,32.51819932
8.761824126,5.539960149,7.198352559,13.65223711,17.43635663,0.175152119,2.467533863,25.73097259,1.252045612,4.933078181,5.097959788,16.4763157,13.74658669,17.46946082,27.63114318,32.35259737
3.388504216,10.84348365,4.245197783,11.95165159,18.51987152,3.688163574,3.712917821,3.778666756,1.299619219,3.291988175,20.4996605,18.99949177,13.21907976,25.6952328,47.82392552,38.24211642
4.515998757,15.71955732,1.966322107,13.61354654,18.12514804,3.852838979,4.902932299,4.465172335,3.650701157,2.525864019,20.17239759,17.42002648,13.26324541,26.71987926,64.50164005,41.2732044
1.317967946,19.05148385,16.55730648,11.53457874,17.8160598,1.719670486,4.551463368,4.081128504,2.541560014,3.879174394,21.56199205,17.68968417,15.36442447,31.36589455,80.04668077,14.31592161
15.50178418,10.30652788,10.908221,10.3322944,16.96067142,2.458801216,3.536188725,7.9797496,5.041709641,7.161065378,12.11646998,11.12712351,20.11618295,9.901845072,42.71513607,23.23770517
2.962232786,5.828369914,5.088376316,11.41998012,16.86496768,4.659211175,2.761657698,25.319091,3.476163694,3.958913012,5.747400774,18.54021767,14.92461034,25.68453524,27.39015353,37.90669647
13.83677681,4.18619194,17.96254841,13.84145045,15.62291125,3.60115534,4.409333538,8.188405348,32.92660001,10.45294727,14.30844224,26.07820187,4.133803728,10.43260968,22.29569094,11.13434427
8.015672735,3.377682581,1.513062915,12.2931681,17.59453527,2.047970111,4.753999517,27.08123187,2.912843035,2.054710488,3.657666949,16.70107747,15.82281757,17.98418982,17.94171922,43.57710001
3.588897137,3.917489899,19.66466717,13.75095005,18.61679247,2.879718836,4.110560435,11.64952578,3.600216947,3.783265882,3.655267194,17.27834311,15.4938496,28.26128232,21.25533359,9.545047157
13.9399374,17.87499404,0.122010329,13.81636352,16.12804171,4.392245958,4.62851359,8.850545846,6.593395964,9.124729774,13.21366667,5.148569694,19.4215244,12.5321483,75.58512503,44.8479006
1.227144813,3.935456067,3.498061304,13.99117789,16.04144314,3.201036031,4.508555924,26.71246496,2.011178135,3.075964623,4.124497986,18.12972387,14.3530416,30.46046999,16.92159927,41.85774192
2.608215165,1.175953103,15.51283277,12.74101606,17.56187994,1.264038593,3.250435235,11.93550209,3.472181822,4.571208608,4.839918839,17.43256278,13.72296908,26.56687109,7.366345731,17.7270347
6.888984273,1.034297319,5.725304953,12.61399459,16.80816094,0.899513183,4.889213093,25.97389619,3.632736504,4.986928796,4.661589792,18.41991945,13.58944938,20.7972725,7.000218409,37.43719616
16.49412025,3.077942204,3.589479511,12.19271864,16.82627083,0.005132732,4.425565231,8.30573855,7.858328012,26.84369266,14.08903938,25.93628162,20.18774948,9.179400714,14.27933845,39.5108173
7.242307762,17.27000316,6.037990775,12.82803052,16.24249426,0.31422104,2.559408718,5.311718339,1.922815005,2.393450053,20.29413949,17.63294656,14.75954619,22.02162412,69.99611855,36.89780789
14.4569545,16.97375967,3.478422159,12.11524722,17.89453586,2.081107425,4.024340799,6.509665061,5.125067775,8.361775052,12.56477908,6.266624866,20.26715992,8.494651651,71.24123022,40.69030024
9.809872223,12.69396154,14.29116922,13.66950051,16.84123549,4.610349095,3.640900538,4.21938188,1.195893963,2.250947612,19.27008903,18.73791362,13.90461424,19.08059729,52.26275706,18.07628733
9.041170884,10.85288252,5.801841875,12.49018065,17.18642228,3.554670437,4.3126715,3.710446285,3.958203639,2.138317833,21.31267196,18.07877905,15.70765406,19.50165542,44.7218101,34.01746462
4.887162915,2.894354086,8.568643665,12.67445452,17.46269385,4.34792271,3.063763029,27.9187352,2.832395467,4.707197377,4.151981692,16.94447602,14.26215512,24.7517917,12.33196709,27.97752515
17.87323392,0.820078036,6.488668972,12.23347002,18.14185272,1.053463628,4.014249448,8.137700824,8.732638827,26.43814211,13.99184523,27.59094499,21.30286959,3.431913882,5.811415754,32.87648819
0.443000226,15.50742884,18.15200018,11.71599165,17.65163754,0.340404967,4.98390064,5.09728147,3.571109777,2.833847122,19.57687352,17.74773455,14.49731301,30.10110177,67.18809267,9.550475783
9.643980807,13.39776183,4.905832391,12.54342195,18.96308074,2.372933414,4.472343872,3.100158666,3.414888258,4.425118046,20.96661514,16.67203739,14.46017155,17.4153797,55.60680986,37.74029034
8.79548644,8.474536962,18.13185826,11.03456797,15.68492185,4.307459554,3.776949878,10.09133777,2.881764067,4.646231697,3.829083415,16.82467413,15.01257706,20.50173922,38.48250208,11.7783556
18.71766481,15.6693331,4.811363228,12.32140089,16.57005433,4.96714484,4.078116421,6.938470262,5.671113733,9.055041653,14.29784353,4.05747953,18.27310135,4.54755229,65.5202952,36.85137897
4.676977707,6.974468735,13.85900668,10.810131,17.66625989,2.994775934,3.964783905,12.68744865,2.195964816,3.151068699,4.191745176,16.72787006,13.85599616,23.45301143,30.39395893,20.79831135
3.384512294,14.92363849,12.05330743,12.13817261,16.98809079,2.174164535,4.200390525,4.772059206,3.486554977,2.680286763,19.1825676,16.8394002,13.63879671,27.84546925,61.84785596,22.21779615
16.25867192,9.415303155,11.77115557,10.95454603,18.54644199,0.33065123,3.468943476,8.151994145,31.21201303,9.373888427,12.30043419,27.24391643,4.922026207,7.838356927,42.56413378,24.23093424
10.93294045,10.24995759,2.233063512,13.67163318,15.07459886,2.230381915,4.977963141,7.070716494,6.996200868,8.658597405,13.82611197,4.202555864,19.62066784,13.63818668,41.9413989,43.311428
14.07446861,1.932647865,15.06716233,13.72547676,18.31851705,0.511952637,3.707041295,7.194295681,30.84666088,10.79115409,14.76877822,25.98884172,6.616157808,10.01885364,10.38417443,16.96739147
12.86047318,18.49188487,2.789412429,12.5765449,18.42944939,4.139133728,4.654537783,6.044017707,5.064865718,7.290469429,14.061147,6.275816963,19.4553979,13.21223099,79.41151139,42.44871629
8.202005912,10.8151594,3.724466272,12.32230424,16.36950308,2.005209733,3.650083884,3.634414728,3.16319271,4.932828717,19.33244307,16.6808246,14.16564545,18.03805432,43.97895172,41.40801647
17.55361532,14.48068508,0.026974488,11.51614144,17.97545881,2.804680027,2.316505077,7.6818239,7.100473074,8.611661149,12.80862798,6.392153571,20.75547891,4.824387451,59.9808858,48.30759522
4.499977074,12.52234694,12.4627718,12.83067885,15.04459864,3.568715002,4.765415818,3.636582284,1.72131953,2.529556566,21.72248328,16.44937931,15.13881923,26.48207894,54.83600102,23.15869888
19.72633939,13.51001331,6.363807365,12.85402008,18.59767111,1.631952359,2.695889513,8.26521778,5.385728618,8.274432708,14.80147607,4.831912187,20.997062,2.638880215,57.52592313,35.25211624
0.669816328,19.37182412,0.417868443,12.6796574,15.41684163,2.339044425,2.840583698,4.701985395,2.112794779,3.780696762,19.12218093,18.40510827,15.97758487,30.36760451,83.05154215,45.18945601
16.47348034,13.25670738,2.403809113,12.35262382,16.95840471,4.759811706,3.96920823,6.015642539,5.819656899,8.797950193,12.33619007,4.388166967,18.60884345,9.056330031,53.29312957,41.67405894
0.282232213,18.22182485,2.327820331,13.74478587,16.67388303,4.409987057,2.112629912,5.966411641,1.607746759,3.851134279,20.71247273,17.85237634,15.70985499,30.39062477,75.8525076,40.95547957
4.383469206,19.55207196,12.90953661,11.28295511,17.47731821,1.111382018,4.589748801,4.973711018,2.174512037,4.032898918,19.87855366,18.79771667,14.4169027,24.4785964,79.65194064,21.12601762
15.27954332,1.151976859,3.985180356,13.05981283,17.11331022,2.206944107,2.445002877,6.529477774,8.744198165,28.33415953,12.64527581,26.05405731,20.70768002,10.74446496,5.352252967,40.95435975
2.266989356,12.51428676,7.388292161,12.8724202,17.4721228,4.885339657,4.95222401,3.131327766,1.983762747,3.260834401,21.8651621,17.88824791,13.3715922,29.76804286,54.23113339,31.49526263
12.40145861,8.719777476,3.01161676,13.41367838,16.34667957,3.503141594,2.641848823,6.318066468,6.688923172,26.11624221,14.07989922,27.24403621,20.18950584,15.34831264,36.21092463,41.48849545
5.106442428,9.769181732,7.49860521,13.65668431,16.81900336,2.103494845,2.415176961,25.68115435,3.858644913,4.969481373,3.411427273,17.29647211,13.34713105,24.09528216,42.67654758,33.71028544
13.56109312,13.49442376,14.37804002,12.67985539,15.06457749,3.470664086,4.940223567,6.116133086,7.278311734,9.066354018,12.41253411,11.67271642,20.45431655,10.86631572,54.81735487,19.94494615
17.71725254,10.1609031,9.651094392,11.13530014,17.00458658,0.783780046,3.380079711,8.178733261,6.681179107,9.973320591,12.47098894,6.330017781,20.510424,4.27132982,43.24010307,27.93332932
11.83737809,2.12654735,15.20461966,11.43289537,15.76708971,1.553194348,2.514872368,7.320154325,30.64700982,11.35820545,13.91024243,26.15265654,5.536257931,14.11195801,9.963096168,15.86029899
9.218004143,11.8083724,7.027914399,11.36803124,18.50380231,4.316472161,3.316142422,5.766637968,2.590821641,3.754039688,21.6163959,16.88958169,13.3366622,17.91277736,52.448272,31.45027668
15.31339614,11.03074957,19.91729234,13.91440272,18.38067625,4.647120165,2.224678227,6.271300985,7.764013529,8.744780924,14.76747469,13.67908946,18.75223774,8.913812974,44.37450784,5.36363648
15.44249754,3.6827033,19.08798266,11.07243723,16.86590965,3.828570691,3.222718765,7.39093849,30.43735969,11.16247473,12.45056887,25.76901572,6.769250773,9.4010515,19.89419272,8.692372381
18.84597013,8.246473442,11.32204524,13.73480087,18.30879807,0.200421151,3.239828397,7.565004917,30.35084033,11.84596253,13.15718364,25.86924787,6.61635389,1.858567303,35.4682456,23.81279095
16.4620241,9.040447756,14.49292657,13.19023772,17.67786447,4.920091669,2.856533043,6.505278155,32.6501173,10.22623366,14.12296996,26.96308776,4.032226709,7.684263516,36.48139362,19.29026057
10.7574132,11.55689523,13.51045693,13.60273259,18.86843197,3.487662523,2.674105411,6.219099273,6.709630618,9.793112747,14.16938143,13.00997096,20.86625902,16.78884046,50.12583119,18.84846812
19.89779961,10.6674062,19.52682503,13.22995418,18.60570023,0.645087781,2.149664519,8.018507836,7.259228944,7.141758967,12.96871845,12.09470698,19.4074648,1.663762086,47.61932996,7.798657207
8.511650522,7.963329064,16.48084235,10.26579259,17.84820414,3.761408451,4.514737319,12.30291821,2.057585371,2.113807722,4.738740982,18.85684595,13.15676847,17.96404572,32.03606987,13.2806365
19.55059919,2.272967769,5.400169431,12.92241085,18.39602522,3.5164387,3.086149522,8.039586173,6.95389513,26.9551109,12.18548298,25.09055275,22.18975114,0.913296033,9.909899725,37.81867689
9.314064868,1.085722644,13.51367785,11.81383857,17.85462829,2.63264146,2.690555375,10.45581923,1.738232385,4.239198519,4.165187148,16.43363478,13.74037265,18.30700955,5.403529829,19.01271042
16.05192113,0.675279646,19.28323593,13.47533525,18.9591545,0.278649021,3.686566862,7.452549652,30.77987209,9.723112638,12.77366574,27.19969775,4.804004623,8.93402451,7.852382315,10.18859868
9.085450547,12.70792866,7.315580411,11.56331617,17.50747247,2.824448409,4.774805417,4.830067061,3.469021411,4.848191799,21.74064351,16.78959836,14.793199,18.03440672,52.99823632,30.43866578
15.12962913,6.925178521,1.356175931,13.29763741,16.6652314,4.161787272,4.881327031,7.425987439,6.738153726,27.77230332,14.07339454,27.35606111,20.59452671,8.348285391,31.48393376,45.15842409
7.910145678,9.735992095,0.007722788,11.43688507,17.61320816,2.170228102,4.811586532,25.2323124,3.184382798,3.888886723,4.342178618,18.83306654,13.44924106,21.15044027,43.47754633,47.38875553
17.18718961,15.42070575,12.67391118,11.24642588,18.23347264,3.417269963,2.086551045,6.24696496,7.65857338,7.51537974,14.100501,12.67128985,18.71694598,8.061581167,62.46765246,21.64224191
0.025879818,12.28911697,13.99813753,11.60806462,17.54310665,0.154103278,3.37874802,5.495784751,3.754096665,2.54991599,20.33350185,16.87244358,14.57131542,31.04508978,53.36409484,18.9844815
19.99941069,9.677394081,16.46887509,11.48892776,17.49884317,1.78288087,3.111181176,7.631656552,31.52415269,9.999970698,13.81348366,26.40864207,5.749070843,1.259794674,44.61978963,14.80353087
1.742292183,12.48928461,3.088114823,13.14548327,18.74549952,3.425708074,2.886283252,5.187794532,3.985094337,4.164618415,19.70922685,16.61795759,15.13825553,27.88227987,55.28290365,39.97261673
5.324214365,13.87716017,11.18229046,12.30389508,18.06573212,1.448150005,4.632807651,5.087460783,3.925900267,4.153705576,19.98505732,16.70678072,14.00760542,23.68354166,57.46557373,25.83734013
12.71694484,8.218475895,1.048652375,13.9527904,17.51332481,1.776463855,4.500433535,6.452767214,8.036514235,28.02984323,14.76249889,27.22414146,22.5930662,11.03535323,34.03138414,45.14311654
6.533009456,0.26180368,8.653811937,12.43659113,17.74845179,0.923827183,4.776010945,27.64253753,3.234451455,4.190008737,5.468183003,17.94774182,15.8604736,20.75688339,2.941944586,28.119564
19.16555275,1.880898849,11.02201397,11.63779549,15.32915565,3.282783107,2.123606976,6.801848975,31.80116159,9.056302203,14.08417812,26.72181974,4.920607668,4.004745985,10.96072363,25.35802313
10.93743856,2.886391703,13.84252577,13.68158975,18.99843381,4.299842942,3.219923189,8.311096501,32.32360676,9.458085735,12.60234279,27.66456929,4.619084251,17.56851676,14.92200873,20.55591731
17.41213805,0.114046479,5.009853339,13.73622251,18.63832404,3.92946057,4.37632239,7.8967088,7.857710735,26.37845794,13.75088819,27.64407198,22.72610816,5.18035401,0.906813906,38.96010324
19.82487719,8.817035469,15.93533829,10.03517912,15.70532744,2.49137571,2.81526209,8.576283002,31.98791699,10.65484877,12.59908459,25.1859631,6.244753058,1.553851766,38.00263144,14.78497412
8.682753094,16.10313038,6.743972591,12.85764408,18.20552929,0.281187674,4.205523426,5.793318697,3.837431139,2.024945641,21.9011102,18.29060778,13.30025891,20.4919784,68.33638033,32.39964406
10.47663589,0.805302817,8.809968992,11.69627275,18.89897791,4.914342487,2.310505884,8.27332444,6.111744427,26.86362324,12.8780865,27.5948615,20.3621933,17.03779013,7.884527103,28.64037755
9.152628268,1.215482086,3.001540577,10.21293469,16.69773897,0.477833704,3.435030034,25.2868802,2.189941958,4.222335217,4.563006257,18.71038576,15.12173823,19.87354476,5.688501788,40.46411775
5.654440992,4.574373865,16.42734393,13.1743113,18.07061681,3.110583049,4.067018496,11.85750446,3.139704841,3.785142287,3.418461115,17.91192088,15.13579797,22.1064489,18.55552575,15.99298577
13.06818911,17.52683601,4.738036654,13.48432847,16.01970867,3.481255707,2.325053386,7.936491145,7.631337058,7.794650372,12.00905067,4.640649264,19.27841937,12.98973496,71.17154656,36.26184614
17.6154476,6.344908855,18.51597844,13.34288634,15.7893016,1.074226256,3.083269187,8.468865337,31.36292508,11.09707563,12.58390864,27.59133788,4.107996033,6.291416868,26.34019567,11.45515673
5.916408256,3.308873719,6.989013944,13.08755041,16.74756175,0.174785637,2.111981149,25.70105428,2.187510978,4.168087901,5.20925802,17.05859014,15.41578701,23.12648272,13.87619033,33.11309032
16.52227079,2.626619686,11.42591847,10.03620883,17.4790843,0.060851124,4.569588267,6.314572147,31.1525197,11.80868651,14.98354748,26.7820396,6.243076437,8.298110952,14.12435164,24.70622574
5.181598097,14.00273861,19.72085964,11.32736313,17.0364025,1.840553323,4.92524133,4.725540692,1.326986894,3.405254129,20.90096708,16.3631753,13.02429002,22.76019422,59.26045538,8.375731388
2.523613003,16.50637419,17.25703861,13.20578978,15.84800068,3.80689395,3.736272159,5.928419814,1.258442828,4.265222684,21.17631672,16.87967189,13.97740758,28.59371022,70.74288443,12.84998705
6.560443959,3.646095166,14.22630598,12.04827315,15.98151681,1.099585667,2.705474018,12.53229323,3.913124461,4.001237938,3.035392096,17.82837972,15.55349576,20.49737964,20.41741015,20.19224491
3.229625958,14.91303666,14.38115658,10.40978318,17.90158607,4.289597094,4.994979482,3.760382461,3.663154038,4.861259135,19.02491673,18.74035493,13.7063232,27.68705462,59.89819336,18.11214366
5.194661437,0.917122959,9.851735168,13.65970818,17.19577181,3.200203914,4.891632349,25.10949376,1.521916846,4.174819362,3.047813834,18.73089986,15.82150747,26.05079243,6.012712466,27.13122859
3.456091023,7.812022844,14.98700899,11.88664988,15.39379915,3.95443458,3.177652593,12.37562501,1.840781689,2.499657033,4.614428407,16.0292795,15.40332492,28.55151336,33.71025235,16.1990047
12.81478525,4.645064827,16.51002713,10.2147422,17.55041746,1.117395904,3.47996171,6.305987789,30.10082957,11.71586241,14.53821428,27.42834599,4.149010245,14.0460397,20.49395258,15.58785947
15.62505311,15.70171548,11.76439707,10.5074536,18.52122261,3.292727363,3.189617638,6.597461728,5.670303073,7.749600896,13.36543251,11.1235164,18.54561391,9.280626019,63.66463224,22.37843516
17.74258273,17.77233537,13.20859177,12.55685237,18.4803197,3.946144035,4.797707619,6.08329104,6.937133999,9.089817769,14.04797927,11.03353258,19.34956339,5.065876053,71.90451926,19.56619404
0.642142469,9.43616226,18.5071929,10.45589567,17.89222425,3.407470433,3.907201526,12.62282489,2.126359663,4.207087768,4.78543556,16.20243623,14.5127236,30.00428893,42.80183639,8.559659391
17.80365569,2.306144056,17.88342975,13.81977746,17.95863549,2.308126396,2.533484676,6.875727261,32.65452157,9.397833319,13.23054497,25.90853339,6.786953523,4.947278327,12.23665261,13.093052
6.412617879,13.66428573,2.700861166,12.78450536,15.96155139,0.78723178,2.69447851,5.042671548,2.343981583,4.534665715,20.33118468,16.26321833,14.57104684,22.48369848,58.47396089,42.40383568
10.02761836,11.24826655,1.196018422,11.0395001,16.15588311,0.338008411,4.075995745,8.438285739,6.41042304,9.029314229,13.2675735,5.168468029,19.49941393,15.10475413,47.56141666,43.40979148
12.75010123,15.09312424,9.671820742,12.86597464,15.82947157,3.30720997,4.419208069,7.382334791,5.334171278,7.775193642,14.3929514,4.20171315,19.62260526,14.47195635,65.01910942,29.18639291
0.940769093,6.50066831,11.15446026,12.53803485,18.96853035,4.792699044,2.865285612,12.45963696,2.622025357,3.011609442,3.918355564,18.25389261,14.16537494,30.45325274,29.56715344,26.45194922
17.82603905,19.30538734,11.39411326,13.7214206,16.54407697,0.918730641,2.129312332,6.119246936,7.974723446,9.810834585,14.48812304,11.51686256,20.89952553,3.395764479,78.81252458,25.5488492
18.22467837,5.187006479,16.0184023,12.37396341,18.52824669,2.573665849,4.391735265,8.080732872,31.65313941,10.46657633,12.64397535,25.62597574,6.111576536,6.49615234,21.63345143,13.05792933
13.85482106,17.81473882,12.80501763,10.57143853,17.30126342,4.208097465,2.329707839,7.574101292,7.401499418,8.197105143,13.91989637,11.96360319,19.46599908,13.06675179,71.40949966,22.18913964
14.69747502,11.14498503,17.62818553,11.15471977,15.49814504,0.614188016,2.727791423,8.207330843,6.209261339,8.368681465,14.7404071,11.33089319,20.41717664,8.275483389,48.80005752,12.62780956
14.53803567,4.58159859,19.06074489,10.96813847,15.62888834,3.974687102,4.522913662,7.709684449,32.97531308,11.71162902,12.63856243,26.62938576,5.404858448,10.45478223,22.11969972,9.105245626
2.117985497,19.83346723,10.00051937,11.88783174,18.34826969,3.218750449,2.008919725,5.161166908,3.800650468,4.592914764,20.53028812,18.98245404,13.71878114,27.70300732,84.61273955,28.80674145
12.78488128,11.41947535,15.13602341,10.36418362,15.17285741,2.434757364,2.43550801,6.451124294,6.806822757,9.885745701,13.83226222,13.55047221,19.93075877,12.65206417,47.77276477,17.88300886
9.781233496,0.89519004,4.682024603,11.20341743,15.38809255,1.374143331,3.666352915,27.26154127,3.987462031,4.856665704,3.684875503,17.9395599,15.16453739,18.52940214,4.81889386,38.92550894
3.698309707,13.04885793,11.55807549,10.88310797,15.52551552,1.985674023,4.570746129,4.684148088,2.486924957,3.809390646,21.95237405,16.60417705,15.07532403,26.16130674,57.33230469,23.26117814
9.969127099,14.73119352,9.977763005,10.48798054,15.42876827,4.271646953,4.78880189,3.168622452,3.903258645,2.842431591,20.44452512,17.19754219,13.61130841,18.02311352,61.03413571,28.42541117
4.02064132,9.022955578,8.877975619,11.80784651,18.48396616,0.709803563,3.350929128,27.2939324,3.416309166,3.668170431,4.696438734,17.98342123,14.26398557,27.78880476,37.86567718,30.63814818
3.509127003,15.14346117,0.788202203,12.58147054,18.48701299,1.948469196,4.796596596,3.412499357,3.659658691,2.048224492,21.85343328,16.7390568,14.49414067,25.81000357,64.59232238,45.85841621
0.508878352,10.41995414,12.670724,13.22196001,16.02609497,1.735418956,4.081311483,4.955983655,3.909526256,2.610919957,20.79693527,18.37236911,13.2348233,29.49473325,43.70121765,22.20908844
2.192742645,1.185054371,1.688422961,12.26203617,17.3653481,0.217341244,3.476175708,26.65920661,1.85018345,4.910437974,4.926740741,18.76473035,13.02053634,29.02978884,6.349469144,45.52957403
18.02076818,4.128416138,12.64597627,10.20502238,18.74138391,4.486123399,2.914643836,6.497884354,31.68168841,9.600983084,12.90827816,27.69625849,4.838112236,4.580047377,21.14526489,23.62158559
4.443252706,2.738471345,10.19044304,11.945146,17.1147116,3.571823059,2.782386474,12.97636771,3.201378595,3.35138168,5.442195046,17.29227726,13.29954229,27.26865629,14.77405883,25.02218653
9.458633336,17.51713054,19.33563746,12.64446427,18.53671791,2.725345201,4.615228906,4.712490094,1.527083236,4.714813109,19.34737257,16.67487895,14.57264254,17.76707871,70.38487847,8.272969936
15.75273302,7.112695941,19.86018478,10.50848883,17.89839735,4.914267718,2.816139935,7.605143809,30.83778311,10.13509869,13.68687445,25.69425174,4.883147116,7.42925468,30.62775436,8.492133178
3.978976761,14.90838028,1.031897338,13.6422506,16.04483045,3.297491825,3.339027836,5.753931777,2.624886882,3.347883255,20.5743363,18.59886278,14.82693635,26.33672614,61.92282528,45.7706054
3.979530223,4.127191159,8.100623048,13.93866532,17.64232371,2.664692113,3.56772952,27.25380848,3.224642846,2.15464243,4.094457527,16.56057856,14.98986074,26.06227781,19.9432755,31.42051726
5.692210231,13.6790446,0.748547413,12.09555283,15.91737698,0.872555643,3.820036426,4.642109959,2.778315733,3.257810829,19.16999491,18.5272353,15.58437934,23.53864702,56.60556493,46.20808488
10.23680547,5.72838674,9.437667304,13.67212717,16.01226413,2.576396076,2.920845567,8.306038655,8.983527666,26.5189995,13.53759462,27.4432301,21.95922367,18.32024167,26.29709554,26.85105175
9.608269106,17.1479053,19.85680417,11.33872484,15.11760894,3.971923485,4.454292631,4.027435638,1.577156746,4.324703281,19.57868879,18.57819587,15.40713255,15.79332097,73.76313509,5.954392309
1.142952943,15.12573651,4.238973539,10.61699539,17.23629211,4.816749089,3.223344955,3.555627725,2.787093173,4.328254793,19.56423531,18.86531161,13.09368896,30.49370896,63.54713503,38.43705285
18.97014885,18.51799087,10.28747065,13.11547511,18.01920618,0.539257394,2.594238563,6.745281077,7.95758259,9.070732018,14.52214957,13.43227087,19.50767074,4.707210556,79.1181298,24.59570044
15.56662595,3.657509814,10.17370319,12.11688532,18.65320881,0.79646078,2.859122635,6.373802056,32.63404372,9.24225396,12.62356114,27.85110233,4.271476672,7.082228818,20.39750839,27.5170067
19.06075581,8.467732409,11.81032359,12.37186287,16.55964117,2.757254252,3.621545493,7.171961457,32.44924337,11.94004676,13.17272387,26.45413628,4.1143498,4.105293436,39.18170107,21.73318074
