{
  "width": 500,
  "height": 500,
  "depth": 500,
  "data": {
    "url": "TrendData/Trend4dLgEasy3.csv"
  },
  "mark": "cylinder",
  "encoding": {
    "x": {
      "field": "x",
      "type": "quantitative",
      "axis": {
        "Title": "x",
        "ticks": false
      }
    },
    "y": {
      "field": "y",
      "type": "quantitative",
      "axis": {
        "Title": "y",
        "ticks": false
      }
    },
    "z": {
      "field": "z",
      "type": "quantitative",
      "axis": {
        "Title": "z",
        "ticks": false
      }
    },
    "zrotation": {
      "field": "d",
      "type": "quantitative",
      "scale": {
        "range": [ 0, -90 ]
      }
    }
  }
}
